forecast_date,training_start,training_end,training_observations,realized_return,forecast_daily_variance,forecast_daily_volatility,forecast_annualized_volatility,omega,alpha,beta,persistence,convergence_flag
2024-08-20,2022-08-23,2024-08-19,500,-0.0016260603752510372,0.00012468385003224766,0.011166192279924596,0.17725780718525885,0.011047971931074669,0.04737874611652227,0.9379058711266316,0.9852846172431539,0.0
2024-08-21,2022-08-23,2024-08-20,501,0.00343634733544973,0.0001166626112559011,0.010801046766675029,0.1714613018628025,0.010957412461864168,0.04555009113955879,0.9395852807368922,0.985135371876451,0.0
2024-08-22,2022-08-23,2024-08-21,502,-0.007848402853028458,0.0001101170896926602,0.010493669029117518,0.1665818315499934,0.010876927769532713,0.04400425615646836,0.9410000334075641,0.9850042895640325,0.0
2024-08-23,2022-08-23,2024-08-22,503,0.010625385922989672,0.00010704999325848736,0.01034649666594869,0.16424554271315497,0.010854414870994655,0.04347854040494872,0.9414682410964881,0.9849467815014368,0.0
2024-08-26,2022-08-26,2024-08-23,501,-0.0023838078459922363,0.00010467484456425511,0.010231072503127672,0.16241324093248152,0.011288258861414147,0.04147138926050398,0.9422568520861753,0.9837282413466792,0.0
2024-08-27,2022-08-29,2024-08-26,501,0.0013730706791585945,0.00010251964615682729,0.010125198573698558,0.1607325444069137,0.011261752466449802,0.04556592216370363,0.9389860499916535,0.9845519721553571,0.0
2024-08-28,2022-08-29,2024-08-27,502,-0.005805296430382967,9.699785328269088e-05,0.009848748818133747,0.1563440405875392,0.011245888970734676,0.04450382891262977,0.9398702315769323,0.9843740604895621,0.0
2024-08-29,2022-08-29,2024-08-28,503,8.952902139180985e-05,9.354895867547255e-05,0.009672071064434575,0.153539368196626,0.01124771650675442,0.04398830358487775,0.9402656783241481,0.9842539819090258,0.0
2024-08-30,2022-08-30,2024-08-29,503,0.009545960644327556,8.825701362370428e-05,0.009394520404134757,0.1491333880563755,0.01124611684977098,0.04168393452975707,0.9420960479830949,0.9837799825128519,0.0
2024-09-03,2022-09-06,2024-08-30,500,-0.020578918275010016,8.588668834330476e-05,0.009267507126692958,0.14711711478449,0.011580883371096607,0.036795346064974754,0.9455581902032613,0.9823535362682361,0.0
2024-09-04,2022-09-06,2024-09-03,501,-0.0020469440190744592,0.00010012551195592411,0.010006273629874616,0.15884466945067083,0.011610111191854334,0.03950070726378987,0.9434151909537097,0.9829158982174996,0.0
2024-09-05,2022-09-06,2024-09-04,502,-0.0024321808589056193,9.499823263735143e-05,0.009746703680596401,0.154724124248976,0.011545447460767506,0.037978416220849666,0.9448212312081525,0.9827996474290022,0.0
2024-09-06,2022-09-06,2024-09-05,503,-0.016830205881500304,9.054345325731122e-05,0.00951543237363974,0.15105280606742275,0.0114806971326608,0.03666766291814077,0.9460347511869619,0.9827024141051026,0.0
2024-09-09,2022-09-09,2024-09-06,501,0.011196254802991135,9.684437339972622e-05,0.009840953886678171,0.1562202998868297,0.012163563178802224,0.03699766225980718,0.9446321571988509,0.981629819458658,0.0
2024-09-10,2022-09-12,2024-09-09,501,0.00435591585377737,9.729823106405178e-05,0.009863986570553094,0.1565859324081862,0.012338977339082846,0.037172502015046106,0.9441907919372812,0.9813632939523272,0.0
2024-09-11,2022-09-12,2024-09-10,502,0.010258848410452215,9.317091051151433e-05,0.009652507990751126,0.15322881402954738,0.012283113389283546,0.035972786313751705,0.9453055552169045,0.9812783415306562,0.0
2024-09-12,2022-09-12,2024-09-11,503,0.008423348039961365,9.331397008881675e-05,0.009659915635698728,0.1533464067475395,0.01230802662788381,0.036423126505118295,0.944873429437842,0.9812965559429603,0.0
2024-09-13,2022-09-13,2024-09-12,503,0.005222670911050553,9.132318071055867e-05,0.009556316273049918,0.15170181785021822,0.012550539272967141,0.03566573825966739,0.9450884310784248,0.9807541693380921,0.0
2024-09-16,2022-09-16,2024-09-13,501,0.0014768156945352828,9.144953986680802e-05,0.00956292527769657,0.1518067325464705,0.01257180872972792,0.04455999626113478,0.9371976890113156,0.9817576852724504,0.0
2024-09-17,2022-09-19,2024-09-16,501,0.00040873357753001827,8.624863871480048e-05,0.009287014521082677,0.1474267850701823,0.012693291957698818,0.04184153029556454,0.9392642445086886,0.9811057748042532,0.0
2024-09-18,2022-09-19,2024-09-17,502,-0.0029661578818008794,8.204678469421537e-05,0.009057968022366572,0.14379078462454498,0.012765016698804662,0.04135601811164133,0.9394968158661314,0.9808528339777728,0.0
2024-09-19,2022-09-19,2024-09-18,503,0.017064718410054525,7.853480805349958e-05,0.008861986687729764,0.14067967738618783,0.012827755594912494,0.04108429701849446,0.9395540647270568,0.9806383617455513,0.0
2024-09-20,2022-09-20,2024-09-19,503,-0.0017284932749509485,8.698658726909522e-05,0.009326660027528355,0.14805613797412115,0.012688403624134217,0.03935402658269051,0.9415303656412665,0.980884392223957,0.0
2024-09-23,2022-09-23,2024-09-20,501,0.002498684888267322,8.183996851745778e-05,0.009046544562287734,0.1436094428176621,0.013194804880192347,0.03561051301548657,0.9438977307797063,0.9795082437951929,0.0
2024-09-24,2022-09-26,2024-09-23,501,0.00286115915488927,7.83889570369785e-05,0.0088537538387386,0.14054898496011484,0.013322228085266142,0.034410004096539,0.9447016143899726,0.9791116184865116,0.0
2024-09-25,2022-09-26,2024-09-24,502,-0.0022053562014971995,7.548799408891766e-05,0.00868838270847444,0.13792379965186302,0.013342532189965124,0.03396688299359443,0.9449916275414557,0.9789585105350501,0.0
2024-09-26,2022-09-26,2024-09-25,503,0.003964690509809632,7.267319426782589e-05,0.008524857433871014,0.13532791639381775,0.013386781812048784,0.03375221299910073,0.9450338143594854,0.9787860273585861,0.0
2024-09-27,2022-09-27,2024-09-26,503,-0.0014505077756773455,7.013505434144954e-05,0.008374667416766443,0.13294372378583835,0.01375512186736848,0.03294715892340057,0.9450463031580439,0.9779934620814446,0.0
2024-09-30,2022-09-30,2024-09-27,501,0.004007416216051274,6.72089286136294e-05,0.008198105184347748,0.13014088523840084,0.0144304087854205,0.03189078854281597,0.9447920671293012,0.9766828556721172,0.0
2024-10-01,2022-10-03,2024-09-30,501,-0.008958495996637117,6.506833305683424e-05,0.008066494471381868,0.1280516299401231,0.014815177450463422,0.032106886177312555,0.9438660486197374,0.97597293479705,0.0
2024-10-02,2022-10-03,2024-10-01,502,0.0004220737216988901,6.554011396261476e-05,0.008095684897685603,0.12851501359210496,0.014773432559139434,0.03199789951561877,0.9440586633719475,0.9760565628875664,0.0
2024-10-03,2022-10-03,2024-10-02,503,-0.0018282874847113106,6.303731417580995e-05,0.007939604157375223,0.12603730865225624,0.01491744998008459,0.0326340146188857,0.9431275705890854,0.9757615852079711,0.0
2024-10-04,2022-10-04,2024-10-03,503,0.00908742566416687,6.093054604181208e-05,0.007805802075495642,0.1239132664509198,0.014788244108866708,0.03340939902010019,0.94260168403024,0.9760110830503402,0.0
2024-10-07,2022-10-07,2024-10-04,501,-0.00904048416232972,6.153102727402371e-05,0.007844171547972656,0.12452236294358528,0.015095428482552829,0.03384807082978266,0.9417489965750768,0.9755970674048595,0.0
2024-10-08,2022-10-10,2024-10-07,501,0.00945766211928345,6.267405801018165e-05,0.007916694891820807,0.12567363533599948,0.014619342350858168,0.03405657175461048,0.9425413348417282,0.9765979065963387,0.0
2024-10-09,2022-10-10,2024-10-08,502,0.006926265602409165,6.371323826582987e-05,0.007982057270267476,0.12671123092681694,0.014515790886277607,0.03368066429389303,0.9430951515308863,0.9767758158247793,0.0
2024-10-10,2022-10-10,2024-10-09,503,-0.0017499291458934474,6.307053571991479e-05,0.007941696022885464,0.12607051598775398,0.014559184765280559,0.03393560515985307,0.9427587788089034,0.9766943839687564,0.0
2024-10-11,2022-10-11,2024-10-10,503,0.005988342474201325,6.0484657110601255e-05,0.007777188252228518,0.1234590360883784,0.015127952818533718,0.03438983812565561,0.9412113518975213,0.9756011900231769,0.0
2024-10-14,2022-10-14,2024-10-11,501,0.008178239537643961,5.915992775046886e-05,0.007691549112530509,0.1220995568915717,0.01600611556667698,0.03486182379596478,0.9392109118773022,0.974072735673267,0.0
2024-10-15,2022-10-17,2024-10-14,501,-0.0077694965497567825,5.9803101445225304e-05,0.007733246500999777,0.12276148241283491,0.01574797164218842,0.034163834290634486,0.9403911289173587,0.9745549632079932,0.0
2024-10-16,2022-10-17,2024-10-15,502,0.004346306107153586,5.985933948474158e-05,0.007736881767530223,0.12281919047996889,0.015742828196867443,0.03422334312245755,0.940336182993479,0.9745595261159365,0.0
2024-10-17,2022-10-17,2024-10-16,503,8.579045798295937e-05,5.82962361467692e-05,0.0076351971910861086,0.12120499787131651,0.015841719074599657,0.03480227588060621,0.9395562691916507,0.9743585450722569,0.0
2024-10-18,2022-10-18,2024-10-17,503,0.003846548369420555,5.6272493531273194e-05,0.0075014994188677495,0.11908261153451768,0.015659808115655715,0.03582558310546095,0.9389769537252304,0.9748025368306913,0.0
2024-10-21,2022-10-21,2024-10-18,501,-0.0016422800212634314,5.380801248514725e-05,0.0073353945009895175,0.11644577770901403,0.017253380703280353,0.037533265288616044,0.9343631439322113,0.9718964092208273,0.0
2024-10-22,2022-10-24,2024-10-21,501,-0.0005310730001248931,5.2036797825000104e-05,0.007213653569793888,0.11451320033908766,0.01707867340205419,0.038068421076035426,0.9341973377862327,0.9722657588622682,0.0
2024-10-23,2022-10-24,2024-10-22,502,-0.009137472564623828,4.971566000945399e-05,0.007050933272230988,0.11193009569540449,0.01729097042253452,0.039688100199265726,0.9322043137768385,0.9718924139761043,0.0
2024-10-24,2022-10-24,2024-10-23,503,0.0021628025973028375,5.179187057782366e-05,0.007196656902883704,0.11424338661651957,0.017113706078532093,0.03835097608970659,0.9338300186721699,0.9721809947618765,0.0
2024-10-25,2022-10-25,2024-10-24,503,-0.0003452972949489208,4.9692431744786906e-05,0.007049285903181038,0.11190394452246222,0.01762380986029842,0.039688739086270505,0.9315374703065181,0.9712262093927886,0.0
2024-10-28,2022-10-28,2024-10-25,501,0.0030914298610738022,4.675517100058656e-05,0.006837775296146149,0.10854631772726246,0.019436206332231528,0.04294863678876444,0.9249989378013121,0.9679475745900766,0.0
2024-10-29,2022-10-31,2024-10-28,501,0.0016183794542701246,4.566399918181324e-05,0.0067575142753688085,0.10727221352156828,0.0191269532681384,0.04277517589273308,0.9257062126465403,0.9684813885392733,0.0
2024-10-30,2022-10-31,2024-10-29,502,-0.0030253159284875375,4.373896217341612e-05,0.006613543843766072,0.10498675377256343,0.019169891444972356,0.04427277120925313,0.9240712994276261,0.9683440706368792,0.0
2024-10-31,2022-10-31,2024-10-30,503,-0.01960308625965801,4.224595062789052e-05,0.006499688502373827,0.103179356260002,0.019164994261106755,0.04559143213092496,0.9227004388964227,0.9682918710273477,0.0
2024-11-01,2022-11-01,2024-10-31,503,0.004220478802908323,5.885625994280044e-05,0.007671783361305274,0.12178578531826165,0.01956464531301524,0.03527842159501233,0.9328619319378997,0.9681403535329121,0.0
2024-11-04,2022-11-04,2024-11-01,501,-0.002154001685066964,5.742048304375407e-05,0.007577630437264281,0.12029115398492952,0.020963456267009517,0.0367211026088194,0.9290393256127359,0.9657604282215554,0.0
2024-11-05,2022-11-07,2024-11-04,501,0.012091814888343544,5.547002933026924e-05,0.00744782044159694,0.11823048418757258,0.021452123510361812,0.03730864295709227,0.9274933929637029,0.9648020359207952,0.0
2024-11-06,2022-11-07,2024-11-05,502,0.024865595825653397,5.9295846580248355e-05,0.007700379638709272,0.12223973714886081,0.02183529383955432,0.03741093891278357,0.9270347619931731,0.9644457009059567,0.0
2024-11-07,2022-11-07,2024-11-06,503,0.007731956589921207,8.37010380409994e-05,0.009148827140185752,0.14523312840509858,0.024049080444947787,0.040516472565847755,0.9222813510377664,0.9627978236036142,0.0
2024-11-08,2022-11-08,2024-11-07,503,0.004332026289793012,8.303843285371535e-05,0.009112542611901212,0.14465712937541747,0.025517972456500317,0.042403101285122785,0.9180374622105391,0.9604405634956619,0.0
2024-11-11,2022-11-11,2024-11-08,501,0.000952677373292854,8.634656218709477e-05,0.009292285089637252,0.14751045275216224,0.025602711176688147,0.054962699996153344,0.9079678205060663,0.9629305205022196,0.0
2024-11-12,2022-11-14,2024-11-11,501,-0.0031063363644213693,8.000097872925345e-05,0.008944326622460377,0.1419867833277868,0.024789838146143647,0.05255667213710471,0.9111163042268043,0.963672976363909,0.0
2024-11-13,2022-11-14,2024-11-12,502,0.0004858730531422939,7.544822328775172e-05,0.008686093672517681,0.137887462332561,0.024340774857831683,0.05126516100669376,0.9128226280211383,0.9640877890278321,0.0
2024-11-14,2022-11-14,2024-11-13,503,-0.006430206460433574,7.101363643538187e-05,0.008426958907896838,0.13377382547313293,0.023965512300347457,0.05012550723088118,0.9142645089356888,0.9643900161665699,0.0
2024-11-15,2022-11-15,2024-11-14,503,-0.012808535846547398,6.911672272956724e-05,0.008313646776810237,0.13197505115684155,0.023614049224277157,0.0491007959482814,0.915534467528098,0.9646352634763794,0.0
2024-11-18,2022-11-18,2024-11-15,501,0.004097197010638043,7.317042543612584e-05,0.008553971325421067,0.13579008509425022,0.02375156505623017,0.048043986931759305,0.9159141838788599,0.9639581708106192,0.0
2024-11-19,2022-11-21,2024-11-18,501,0.0036555808849032534,6.977140084179162e-05,0.008352927680866849,0.13259861617728705,0.02386524950586026,0.04707967636368452,0.9162683351467419,0.9633480115104264,0.0
2024-11-20,2022-11-21,2024-11-19,502,0.00033882773833160407,6.67967156096118e-05,0.008172925768022844,0.1297411743958801,0.02367250965938281,0.046500973419783015,0.9169685326080758,0.9634695060278587,0.0
2024-11-21,2022-11-21,2024-11-20,503,0.005368352731534021,6.349418797435928e-05,0.007968324037986864,0.12649322262294743,0.02349248798000854,0.046016528905601435,0.9175380882755646,0.9635546171811661,0.0
2024-11-22,2022-11-22,2024-11-21,503,0.0030992892063126387,6.166582559441728e-05,0.00785275910711753,0.12465868621878365,0.02407952331397177,0.04608892280994949,0.9162419475503506,0.9623308703603001,0.0
2024-11-25,2022-11-25,2024-11-22,502,0.003392210018917652,5.90125428607859e-05,0.007681962175172819,0.12194736897907248,0.025171765884648457,0.04644472172703128,0.913825717427582,0.9602704391546133,0.0
2024-11-26,2022-11-28,2024-11-25,502,0.005221589170701257,5.6555024174220246e-05,0.007520307452107277,0.11938117980612985,0.026510381233493807,0.04765704773288102,0.9102159932496912,0.9578730409825722,0.0
2024-11-27,2022-11-28,2024-11-26,503,-0.0030302951740415196,5.533630218261794e-05,0.0074388374214401235,0.11808788316342927,0.026532425109162754,0.047900234758756974,0.9098668386619176,0.9577670734206746,0.0
2024-11-29,2022-11-29,2024-11-27,503,0.006212050385417278,5.331936234234432e-05,0.00730201084238748,0.11591582855792719,0.026716591640856237,0.04802856327654496,0.9093068877293885,0.9573354510059334,0.0
2024-12-02,2022-12-02,2024-11-29,501,0.0017925343116806935,5.231212898347112e-05,0.007232712422284679,0.11481575024287705,0.02921932648193293,0.054171836332429446,0.8999084886100648,0.9540803249424943,0.0
2024-12-03,2022-12-05,2024-12-02,501,0.0004637390430815014,4.983016655791965e-05,0.007059048558971644,0.11205892187860703,0.02983990210791446,0.054733976706482,0.8979738465954156,0.9527078233018975,0.0
2024-12-04,2022-12-05,2024-12-03,502,0.006209510619023417,4.7421442997209356e-05,0.006886322893766263,0.10931698694757717,0.02998452698733549,0.05575875630645323,0.8965923454042622,0.9523511017107155,0.0
2024-12-05,2022-12-05,2024-12-04,503,-0.0016455346383350555,4.759837832217859e-05,0.00689915779803438,0.10952073473634574,0.030076064584530705,0.055997261179165855,0.8961740018491026,0.9521712630282684,0.0
2024-12-06,2022-12-06,2024-12-05,503,0.0018956944029322464,4.5466184696325164e-05,0.006742861758654493,0.10703961202972449,0.030488308773254265,0.057812007388883896,0.8938250697934221,0.9516370771823061,0.0
2024-12-09,2022-12-09,2024-12-06,501,-0.005149672542314909,4.348847219906171e-05,0.006594579000896245,0.10468569622524154,0.0314681512138123,0.05868278078983532,0.8908378936144512,0.9495206744042866,0.0
2024-12-10,2022-12-12,2024-12-09,501,-0.003109093733479562,4.329502655027082e-05,0.006579895633691375,0.10445260499704279,0.032066881303181353,0.05916670540583097,0.8891770205619867,0.9483437259678177,0.0
2024-12-11,2022-12-12,2024-12-10,502,0.007730636209670516,4.196976959150566e-05,0.006478407951920414,0.10284153799442823,0.032003639948353486,0.06017613639449287,0.8881681917849914,0.9483443281794842,0.0
2024-12-12,2022-12-12,2024-12-11,503,-0.00515274218354822,4.4235844042865405e-05,0.006651003235818293,0.1055814031863665,0.032114587929784486,0.059551582636887396,0.8886575264160103,0.9482091090528977,0.0
2024-12-13,2022-12-13,2024-12-12,503,-0.00019841204399240198,4.406207291173957e-05,0.006637926853449018,0.10537382205158155,0.032206493499457256,0.0596833830214282,0.8883101163445283,0.9479934993659564,0.0
2024-12-16,2022-12-16,2024-12-13,501,0.004269849806811443,4.191441320489035e-05,0.006474134166426454,0.1027736937529851,0.03431552086767485,0.06403527163332483,0.880773917717585,0.9448091893509097,0.0
2024-12-17,2022-12-19,2024-12-16,501,-0.004119991479773488,4.137310492256331e-05,0.006432192854895079,0.10210789607315368,0.03427193606564752,0.0644562003833294,0.8802996746178124,0.9447558750011419,0.0
2024-12-18,2022-12-19,2024-12-17,502,-0.02980346115350485,4.0734866972604906e-05,0.00638238724715172,0.10131725656124152,0.0339222430467992,0.06493858651700661,0.880281409254279,0.9452199957712856,0.0
2024-12-19,2022-12-19,2024-12-18,503,-0.0003071527492615189,9.358502559371e-05,0.009673935372624214,0.1535689631716478,0.038278868328931605,0.0562275262194386,0.88559979605022,0.9418273222696586,0.0
2024-12-20,2022-12-20,2024-12-19,503,0.012011013709321894,8.406715122004244e-05,0.009168814057447258,0.1455504108803912,0.03596301701619476,0.05196407078451867,0.8927115047549763,0.944675575539495,0.0
2024-12-23,2022-12-23,2024-12-20,501,0.005988313845908255,8.82591369054218e-05,0.009394633409847442,0.14913518196645045,0.03944100866849916,0.05541970077425897,0.8842477428581108,0.9396674436323698,0.0
2024-12-24,2022-12-27,2024-12-23,501,0.011114888892345354,8.291312926955318e-05,0.009105664680272012,0.14454794559566528,0.0384779014038872,0.05343037892046457,0.8871747024839498,0.9406050814044143,0.0
2024-12-26,2022-12-27,2024-12-24,502,6.669504475431687e-05,8.468524496037598e-05,0.009202458636710951,0.146084502018574,0.03931906089602112,0.054939885704908965,0.884583357394809,0.9395232430997179,0.0
2024-12-27,2022-12-27,2024-12-26,503,-0.01052648096742248,7.811185501984705e-05,0.008838091141182412,0.14030034734455027,0.038238761967737796,0.052738322046681024,0.8880626515049342,0.9408009735516153,0.0
2024-12-30,2022-12-30,2024-12-27,501,-0.011411689511399481,7.970879298766837e-05,0.008927978101881095,0.14172725860924718,0.04149153593488135,0.055368989066851296,0.8807123445549023,0.9360813336217536,0.0
2024-12-31,2023-01-03,2024-12-30,501,-0.003638135921821828,8.159724911249399e-05,0.009033119567042938,0.14339632762504237,0.041466497160579444,0.05585059982518325,0.8801179138194171,0.9359685136446003,0.0
2025-01-02,2023-01-03,2024-12-31,502,-0.002456912668644673,7.635876619909692e-05,0.008738350313365614,0.1387170107887725,0.041063131286282924,0.05461915064062001,0.8816740868787061,0.936293237519326,0.0
2025-01-03,2023-01-03,2025-01-02,503,0.012503404560544995,7.153543732227168e-05,0.00845786245586151,0.1342644040883974,0.04088850458255218,0.053711386018995236,0.8825691742241505,0.9362805602431458,0.0
2025-01-06,2023-01-06,2025-01-03,501,0.005760615382937484,7.540405554275971e-05,0.00868355086026216,0.13784709643940798,0.04208329670087379,0.054138876207369346,0.879997677997565,0.9341365542049344,0.0
2025-01-07,2023-01-09,2025-01-06,501,-0.01130414970707061,7.263220454402456e-05,0.008522452965198726,0.13528974663696502,0.0475919958348525,0.059206852079269824,0.8671468651365201,0.9263537172157899,0.0
2025-01-08,2023-01-09,2025-01-07,502,0.0014611171355269903,7.55032167039944e-05,0.00868925869703477,0.13793770553915485,0.047290762633041966,0.05954190650248406,0.8675051133947274,0.9270470198972114,0.0
2025-01-10,2023-01-10,2025-01-08,502,-0.015267533310024395,7.004644474801233e-05,0.008369375409671401,0.13285971577757913,0.045915206233070716,0.057561137413472935,0.87090351494139,0.9284646523548629,0.0
2025-01-13,2023-01-13,2025-01-10,500,0.001550691849189434,7.91634130704993e-05,0.008897382371827082,0.14124156645182687,0.04455104109077421,0.057006116863807174,0.8737830828805319,0.930789199744339,0.0
2025-01-14,2023-01-17,2025-01-13,500,0.001375843351398398,7.325188024650236e-05,0.008558731228780488,0.13586564621757258,0.0441954192597726,0.055364170388377265,0.8752999254442384,0.9306640958326157,0.0
2025-01-15,2023-01-17,2025-01-14,501,0.018189922211973686,6.844270653783618e-05,0.008273010729948087,0.13132997391126947,0.044357852344880384,0.05478957274537834,0.875326161115927,0.9301157338613053,0.0
2025-01-16,2023-01-17,2025-01-15,502,-0.0019231018964384061,8.34014556168713e-05,0.009132439740664666,0.14497298650249146,0.042938847157639175,0.05535044717985604,0.8780354307972942,0.9333858779771502,0.0
2025-01-17,2023-01-17,2025-01-16,503,0.010040006199192764,7.733428587201635e-05,0.00879399146417691,0.13960028667502128,0.04267271321435101,0.05400060709940675,0.8794588989993471,0.9334595060987539,0.0
2025-01-21,2023-01-23,2025-01-17,500,0.00915337560722529,7.772562167144423e-05,0.008816213567708318,0.1399530516323383,0.047080976260899986,0.056862048088486696,0.8698977702393004,0.9267598183277871,0.0
2025-01-22,2023-01-23,2025-01-21,501,0.005621641275482148,7.71283691520297e-05,0.008782275852649454,0.13941430710766914,0.04705646650872943,0.05703251674307095,0.8697921071187997,0.9268246238618707,0.0
2025-01-23,2023-01-23,2025-01-22,502,0.00545785324439052,7.342988659162481e-05,0.008569124027088464,0.13603062677606634,0.04718277722002633,0.05661643130612529,0.869813661700917,0.9264300930070423,0.0
2025-01-24,2023-01-24,2025-01-23,502,-0.002919265256986603,7.010278489899007e-05,0.008372740584718368,0.13291313627533397,0.048205537803064386,0.056808196900623005,0.867946816725698,0.924755013626321,0.0
2025-01-27,2023-01-27,2025-01-24,500,-0.014145357666793035,6.568193477290947e-05,0.008104439201629529,0.12865398385892754,0.047561983769563686,0.05479486208096499,0.8698696446803087,0.9246645067612737,0.0
2025-01-28,2023-01-30,2025-01-27,500,0.008592523358097237,7.302783882761311e-05,0.008545632734187278,0.13565771406211485,0.0464692374124914,0.0542392527593324,0.8723447056409047,0.9265839584002371,0.0
2025-01-29,2023-01-30,2025-01-28,501,-0.004482864005106779,7.237220077863573e-05,0.008507185244170701,0.13504737907940384,0.0464569380502688,0.05431328382851851,0.8723022325933607,0.9266155164218792,0.0
2025-01-30,2023-01-30,2025-01-29,502,0.005366978557565183,6.870813062640999e-05,0.00828903677313655,0.1315843794599318,0.046611874021285145,0.0539256272606568,0.8722159655709275,0.9261415928315843,0.0
2025-01-31,2023-01-31,2025-01-30,502,-0.005322013686878346,6.594077964478124e-05,0.008120392825767805,0.128907239790808,0.047590022934698176,0.05380438000555339,0.8706115425778372,0.9244159225833907,0.0
2025-02-03,2023-02-03,2025-01-31,500,-0.006729450249601476,6.341008003966178e-05,0.007963044646343618,0.126409414878777,0.0507138152604808,0.054529773661634494,0.8650191929121026,0.9195489665737371,0.0
2025-02-04,2023-02-06,2025-02-03,500,0.006708265236212485,6.231584047981287e-05,0.007894038287202114,0.12531397288775442,0.051178283553875034,0.05450491903646228,0.864227161429636,0.9187320804660982,0.0
2025-02-05,2023-02-06,2025-02-04,501,0.0040543199020468546,6.137679395094167e-05,0.007834334301709473,0.1243662015003968,0.0512616805180449,0.05450745684887282,0.864006699588767,0.9185141564376398,0.0
2025-02-06,2023-02-06,2025-02-05,502,0.003475835392326543,5.8917006370369407e-05,0.007675741421541597,0.12184861757661879,0.05160798707473692,0.05470513334100663,0.8630651089528415,0.9177702422938481,0.0
2025-02-07,2023-02-07,2025-02-06,502,-0.009153513013858694,5.6456377214359456e-05,0.007513745884334887,0.1192770181469112,0.05173368301396212,0.054843652695656095,0.862330593468689,0.9171742461643451,0.0
2025-02-10,2023-02-10,2025-02-07,500,0.006791120950360163,5.858375890537617e-05,0.007654002802806918,0.12150352770251073,0.0524815197988144,0.05443265146184314,0.8617874682593273,0.9162201197211705,0.0
2025-02-11,2023-02-13,2025-02-10,500,0.0007606438304508245,5.8110648508983796e-05,0.007623034075024445,0.12101191438971584,0.05126573347605868,0.05375465076076645,0.8639487039151527,0.9177033546759191,0.0
2025-02-12,2023-02-13,2025-02-11,501,-0.0032215873014570517,5.520710613419142e-05,0.007430148459767908,0.11794995017301295,0.05149378058174773,0.054114122576703665,0.862995461092064,0.9171095836687677,0.0
2025-02-13,2023-02-13,2025-02-12,502,0.01055750138825129,5.319420114543107e-05,0.007293435483051253,0.11577969894868714,0.05172006294483809,0.05462798549451757,0.861940890634097,0.9165688761286145,0.0
2025-02-14,2023-02-14,2025-02-13,502,-4.907515727980982e-05,5.732429407202416e-05,0.007571280873935675,0.12019035779192144,0.052006205857436365,0.05367462948912775,0.8627341250433521,0.9164087545324798,0.0
2025-02-18,2023-02-21,2025-02-14,499,0.0029357955473410247,5.4174025022108083e-05,0.007360300606776064,0.11684114988124364,0.050940899650600294,0.05270511217526084,0.8641049969565058,0.9168101091317666,0.0
2025-02-19,2023-02-21,2025-02-18,500,0.0023549188372289365,5.221364047284836e-05,0.0072259006686259085,0.114707617005837,0.05095144519442817,0.05313658933861738,0.8634676897140656,0.916604279052683,0.0
2025-02-20,2023-02-21,2025-02-19,501,-0.0041602448320542385,5.028201014999457e-05,0.007090980901821311,0.11256583210636625,0.0509601415290018,0.05380280423674315,0.8626086854170761,0.9164114896538192,0.0
2025-02-21,2023-02-21,2025-02-20,502,-0.01710410610424462,4.924516582006707e-05,0.0070174899942976095,0.11139920011677329,0.050970860563905734,0.05433976259527788,0.8619142238380977,0.9162539864333755,0.0
2025-02-24,2023-02-24,2025-02-21,500,-0.004550509873166075,6.392631906099371e-05,0.007995393615138265,0.12692293883837713,0.053406154058212287,0.052509075899602624,0.8609753866192619,0.9134844625188645,0.0
2025-02-25,2023-02-27,2025-02-24,500,-0.004973182941032439,6.133022353455603e-05,0.007831361537724844,0.1243190103351379,0.053074533760851965,0.05171761842976817,0.8620654832610479,0.9137831016908161,0.0
2025-02-26,2023-02-27,2025-02-25,501,0.0005047975617609168,5.936563078483231e-05,0.007704909524766161,0.12231164686070474,0.05272542175894044,0.05138587622494162,0.8627718146784966,0.9141576909034382,0.0
2025-02-27,2023-02-27,2025-02-26,502,-0.015962015606997837,5.6388835673939034e-05,0.007509250007420118,0.11920564831346138,0.052199873354939745,0.05105048083458682,0.8636842735269722,0.914734754361559,0.0
2025-02-28,2023-02-28,2025-02-27,502,0.015605598316998925,6.688263029776673e-05,0.0081781801336096,0.12982458486371992,0.05174478268234062,0.04953171332835505,0.866361616525302,0.915893329853657,0.0
2025-03-03,2023-03-03,2025-02-28,500,-0.01751987501654706,7.554629545113029e-05,0.00869173719409016,0.13797705046015746,0.054559734325744035,0.05094314135965088,0.8600745630305899,0.9110177043902408,0.0
2025-03-04,2023-03-06,2025-03-03,500,-0.011836867992038314,8.935711986634805e-05,0.00945288949826179,0.15005996870024899,0.05855809978849757,0.056452478539450505,0.8495889878381551,0.9060414663776055,0.0
2025-03-05,2023-03-06,2025-03-04,501,0.010747947228388455,9.068865508624573e-05,0.009523059124369949,0.15117387698188442,0.05940433211214649,0.05843795900576583,0.8465673822644,0.9050053412701659,0.0
2025-03-06,2023-03-06,2025-03-05,502,-0.017751261304090216,8.994973342346751e-05,0.009484183329283946,0.15055674286697962,0.05977321718880795,0.05952134875277121,0.8450572030834759,0.904578551836247,0.0
2025-03-07,2023-03-07,2025-03-06,502,0.005604777447865361,0.00010377258304007016,0.010186882891251383,0.16171175259113876,0.06187303864713203,0.06475966985250983,0.8372195527162272,0.901979222568737,0.0
2025-03-10,2023-03-10,2025-03-07,500,-0.026635406729509925,9.346481884435423e-05,0.009667720457499494,0.1534703044526115,0.06521054393638917,0.06288918911654964,0.8330434883377973,0.8959326774543469,0.0
2025-03-11,2023-03-13,2025-03-10,500,-0.008313000999340847,0.0001388029574535365,0.011781466693647973,0.1870249857058976,0.06445632762739469,0.07152506321023036,0.8289738021182096,0.9004988653284399,0.0
2025-03-12,2023-03-13,2025-03-11,501,0.005306711888906301,0.00012544645296596522,0.011200288075132942,0.1777990611545045,0.06437174379614043,0.07028302287184726,0.8300304969707119,0.9003135198425591,0.0
2025-03-13,2023-03-13,2025-03-12,502,-0.01333076809346656,0.00011127512677835362,0.010548702611143877,0.1674554625807863,0.06464215492346964,0.06841055209407998,0.8310024746377975,0.8994130267318775,0.0
2025-03-14,2023-03-14,2025-03-13,502,0.020656021042966044,0.00011181361911570371,0.010574195908706426,0.16786015613348315,0.0654396289838311,0.07070658261107314,0.8273517161290055,0.8980582987400786,0.0
2025-03-17,2023-03-17,2025-03-14,500,0.00771133679017999,0.0001332738738216956,0.01154443042430832,0.18326215158364614,0.06297971175507568,0.07382749874172363,0.8296992211524948,0.9035267198942185,0.0
2025-03-18,2023-03-20,2025-03-17,500,-0.010808487898628982,0.00012015685395170161,0.01096160818273038,0.1740101353250115,0.06328191756586647,0.07222668044871522,0.8305397872988586,0.9027664677475737,0.0
2025-03-19,2023-03-20,2025-03-18,501,0.010890956650734918,0.00011473981928703409,0.010711667437286973,0.17004244899533938,0.06306753177254518,0.07245082819167753,0.8306395585741682,0.9030903867658457,0.0
2025-03-20,2023-03-20,2025-03-19,502,-0.0028919175507399197,0.00011048023563024398,0.010510957883572933,0.1668562836060467,0.06272140391585576,0.07272188771018775,0.8309468203806301,0.9036687080908178,0.0
2025-03-21,2023-03-21,2025-03-20,502,0.00033000177186570667,9.732768588877976e-05,0.00986547950627742,0.156609632028086,0.06443369455156542,0.07139080452366503,0.8290483457022243,0.9004391502258893,0.0
2025-03-24,2023-03-24,2025-03-21,500,0.01790848775160092,8.67214044559541e-05,0.00931243278933889,0.1478302875695655,0.06558088575292054,0.07017447401296474,0.8286550747968234,0.8988295488097882,0.0
2025-03-25,2023-03-27,2025-03-24,500,0.0024038215328545665,0.00010433852406603379,0.010214623050609052,0.16215211396907694,0.05914626752972517,0.07037750514039202,0.8398203818358025,0.9101978869761945,0.0
2025-03-26,2023-03-27,2025-03-25,501,-0.011938335860707916,9.288465949701169e-05,0.009637668779171221,0.1529932488485912,0.06066750592023954,0.06943087389770683,0.83792613004124,0.9073570039389468,0.0
2025-03-27,2023-03-27,2025-03-26,502,-0.002655627315210407,9.457343813702616e-05,0.0097248875642357,0.15437780413819402,0.05916932109796607,0.06972644761694732,0.8402069848621903,0.9099334324791376,0.0
2025-03-28,2023-03-28,2025-03-27,502,-0.020138212342233786,8.47669238196951e-05,0.009206895449590764,0.14615493423953627,0.0611250718373774,0.06982755484506327,0.8364314956027372,0.9062590504478005,0.0
2025-03-31,2023-03-31,2025-03-28,500,0.006712688489439067,0.00010936488342513421,0.010457766655703034,0.16601189904080318,0.05430244879640477,0.07083913960653991,0.847911275794238,0.9187504154007778,0.0
2025-04-01,2023-04-03,2025-03-31,500,0.0028245533885180585,0.00010191835692697746,0.01009546219481691,0.1602604940264391,0.05438393927154934,0.07182088027751903,0.8473308164700346,0.9191516967475536,0.0
2025-04-02,2023-04-03,2025-04-01,501,0.006328407928268165,9.153372473900203e-05,0.009567325892797946,0.15187659014551425,0.055519772380316273,0.07097526303866464,0.8459811907467791,0.9169564537854438,0.0
2025-04-03,2023-04-03,2025-04-02,502,-0.04928090532667517,8.540778978412096e-05,0.009241633501936818,0.1467063837247667,0.05619956785832996,0.07075544751604483,0.8448978279560949,0.9156532754721397,0.0
2025-04-04,2023-04-04,2025-04-03,502,-0.05854299254528794,0.0002680402092908914,0.016371933584366002,0.2598963884729925,0.04643026581163998,0.07444196352004795,0.8641668642152384,0.9386088277352863,0.0
2025-04-07,2023-04-10,2025-04-04,500,-0.0017811884523963872,0.0005947809949647452,0.0243881322565863,0.38714959735367904,0.04966667837915832,0.09392540650686754,0.8465061037293731,0.9404315102362406,0.0
2025-04-08,2023-04-10,2025-04-07,501,-0.015662692960500824,0.0004904038243548821,0.022145063205032452,0.35154198004993703,0.04891017404507446,0.08908433576674411,0.8514148124178339,0.940499148184578,0.0
2025-04-09,2023-04-10,2025-04-08,502,0.10501930911064017,0.00044050337379505596,0.020988172235691605,0.33317690525658306,0.04886793544880983,0.0879821125943942,0.8522207233523897,0.940202835946784,0.0
2025-04-10,2023-04-10,2025-04-09,503,-0.043819062573260736,0.001619703718040062,0.04024554283445637,0.6388781863126145,0.04736560817180721,0.10698316397258868,0.845501252798257,0.9524844167708457,0.0
2025-04-11,2023-04-11,2025-04-10,503,0.01784265778614169,0.001609991703964032,0.040124701917447714,0.6369598962249791,0.04719334898730768,0.10966233153514313,0.8431004451154891,0.9527627766506322,0.0
2025-04-14,2023-04-14,2025-04-11,501,0.009701624027727895,0.0013943737021731733,0.03734131361070702,0.5927749766544129,0.0488728627786681,0.11022642612181735,0.8407203790009093,0.9509468051227267,0.0
2025-04-15,2023-04-17,2025-04-14,501,-0.0028009069165995104,0.0011585143938512004,0.03403695629534463,0.5403199304583374,0.048637036512042583,0.10595855052501219,0.8438932906715318,0.949851841196544,0.0
2025-04-16,2023-04-17,2025-04-15,502,-0.022228078391931083,0.0009574666298585768,0.030942957677936624,0.4912042250677018,0.05034782879226366,0.1031695029396558,0.8435297546725062,0.946699257612162,0.0
2025-04-17,2023-04-17,2025-04-16,503,0.0014268350248789474,0.0008579229978599003,0.029290322597402375,0.46496945648149285,0.050785485728893374,0.10273267706538865,0.8430660601501504,0.9457987372155391,0.0
2025-04-21,2023-04-21,2025-04-17,500,-0.02380276591259234,0.0007162374482781996,0.026762612882119705,0.42484330872229387,0.049634510303446795,0.09902145170290905,0.8456459740765879,0.9446674257794969,0.0
2025-04-22,2023-04-24,2025-04-21,500,0.02601794197538787,0.0006700617384767485,0.025885550766339676,0.4109203792660333,0.04870514033977548,0.09966051933364165,0.8456113157721065,0.9452718351057481,0.0
2025-04-23,2023-04-24,2025-04-22,501,0.015495243709833462,0.0006487500070169288,0.025470571391645866,0.4043327859180678,0.04721634217538513,0.09980408046592118,0.8475363546242975,0.9473404350902187,0.0
2025-04-24,2023-04-24,2025-04-23,502,0.02104903098185429,0.0005675192162431503,0.02382266182111374,0.3781730324775603,0.048733870441008804,0.09965266910465317,0.8452960341687571,0.9449487032734103,0.0
2025-04-25,2023-04-25,2025-04-24,502,0.007225311311978455,0.0005265434308664094,0.022946534179836598,0.3642649373441467,0.048718909374026204,0.10083108247466628,0.8435928270968175,0.9444239095714838,0.0
2025-04-28,2023-04-28,2025-04-25,500,0.0003813851666460977,0.000432186287778132,0.020789090595264913,0.3300165821895762,0.053119326949477304,0.10095032463635598,0.837750020352709,0.938700344989065,0.0
2025-04-29,2023-05-01,2025-04-28,500,0.006299164115236566,0.0003389942289141867,0.01841179591767698,0.2922781991294853,0.05912292743883898,0.10212807312434868,0.8282457616697428,0.9303738347940915,0.0
2025-04-30,2023-05-01,2025-04-29,501,0.0003970534524835312,0.00026709333699006117,0.016342990454322037,0.2594369305274317,0.06495406695315271,0.10400304593149552,0.8181637955771818,0.9221668415086773,0.0
2025-05-01,2023-05-01,2025-04-30,502,0.007086979683865069,0.0001981038749554991,0.014074937831319152,0.2234327113221915,0.07352573083615982,0.10714771054451834,0.8032109417439626,0.9103586522884809,0.0
2025-05-02,2023-05-02,2025-05-01,502,0.014844134866078829,0.00015840331773150606,0.01258583798288799,0.19979398406443455,0.07836775061893195,0.11028764232174999,0.7928526392616155,0.9031402815833656,0.0
2025-05-05,2023-05-05,2025-05-02,500,-0.005734324171199123,0.00017138814931292714,0.013091529678113523,0.2078215908582591,0.07215578147656539,0.10656352064044379,0.8053284132305654,0.9118919338710092,0.0
2025-05-06,2023-05-08,2025-05-05,500,-0.00835843551316362,0.0001383388640814072,0.011761754294381737,0.18671206106868035,0.0777555068564814,0.11313749725858464,0.7925475027627179,0.9056850000213026,0.0
2025-05-07,2023-05-08,2025-05-06,501,0.00420552756227166,0.00012340606547126584,0.011108828267250594,0.17634718171481786,0.07890642618445953,0.11364626997279062,0.7902544390145094,0.9039007089873,0.0
2025-05-08,2023-05-08,2025-05-07,502,0.006967872870209169,0.00010300246318615907,0.010149012916838713,0.16111058538442494,0.08260238709652282,0.11522001908278805,0.7834603912972901,0.8986804103800781,0.0
2025-05-09,2023-05-09,2025-05-08,502,-0.00127433074633454,9.303147744925413e-05,0.009645282652636682,0.15311411534281233,0.08404407604433871,0.11548172881104765,0.7807906342939753,0.896272363105023,0.0
2025-05-12,2023-05-12,2025-05-09,500,0.03304754271395138,7.866215141232209e-05,0.008869168586306278,0.14079368649163632,0.0877232363275956,0.11672151877424458,0.7743364197436814,0.891057938517926,0.0
2025-05-13,2023-05-15,2025-05-12,500,0.006603966987809073,0.00020397510706700593,0.014281985403542672,0.22671948963617022,0.06838904555390873,0.10487613636964878,0.8148042871734856,0.9196804235431344,0.0
2025-05-14,2023-05-15,2025-05-13,501,0.0012778715696883935,0.00017576454049198815,0.013257621977262293,0.21045822436764267,0.06954506479883706,0.10373913751520941,0.8139357595641679,0.9176748970793773,0.0
2025-05-15,2023-05-15,2025-05-14,502,0.004884496319431886,0.00014774611881386882,0.012155086129430299,0.1929560103782594,0.07180238200700728,0.10258335860931583,0.8116180016211652,0.914201360230481,0.0
2025-05-16,2023-05-16,2025-05-15,502,0.006333833619255991,0.0001280875316289514,0.01131757622589534,0.17966095282641623,0.07284991812643556,0.10239146421269474,0.8096972797870836,0.9120887439997784,0.0
2025-05-19,2023-05-19,2025-05-16,500,0.001093923920310047,0.00011390448001357148,0.01067260418143442,0.16942233903302129,0.07629162230705452,0.10267759504489905,0.8060245494952828,0.9087021445401818,0.0
2025-05-20,2023-05-22,2025-05-19,500,-0.0033620496266493216,9.794781395026315e-05,0.009896858792074541,0.15710776274731403,0.0779469313870327,0.10301276179952164,0.8026433064703433,0.905656068269865,0.0
2025-05-21,2023-05-22,2025-05-20,501,-0.016850877987892088,8.63961091549839e-05,0.00929495073440327,0.1475527685509694,0.08011732847673597,0.10350745801743184,0.7990770409685837,0.9025844989860156,0.0
2025-05-22,2023-05-22,2025-05-21,502,0.00039460189702000825,0.0001089460067660379,0.0104377203816752,0.16569367430605655,0.07431057612230943,0.10124747343485956,0.8094405789415744,0.9106880523764339,0.0
2025-05-23,2023-05-23,2025-05-22,502,-0.006825745833528796,9.46446624325978e-05,0.009728548834877573,0.15443592500779943,0.0751124801096782,0.10148692070337222,0.8071706807680824,0.9086576014714546,0.0
2025-05-27,2023-05-30,2025-05-23,499,0.020790577842265234,8.91531030643558e-05,0.009442092091499415,0.14988856518166307,0.07701674023089114,0.10016050381714753,0.8074557884211105,0.907616292238258,0.0
2025-05-28,2023-05-30,2025-05-27,500,-0.005785242945128943,0.0001251676688272724,0.011187835752605256,0.17760138666258396,0.07207224482034089,0.09924289512181661,0.8162498660950969,0.9154927612169135,0.0
2025-05-29,2023-05-30,2025-05-28,501,0.0039473365509063996,0.00011220932885360202,0.010592890486246048,0.16815692335169466,0.07257253858977909,0.09843502913058808,0.8160083119956938,0.9144433411262819,0.0
2025-05-30,2023-05-30,2025-05-29,502,-0.0011185059286688004,9.9850192329456e-05,0.00999250680907729,0.15862612794562853,0.07351158100182557,0.09774657950787453,0.8151063713364268,0.9128529508443014,0.0
2025-06-02,2023-06-02,2025-05-30,500,0.005632816282124864,8.865504186765002e-05,0.00941568063751368,0.1494692963476038,0.07363313265456337,0.09699162082163545,0.8152764817300775,0.912268102551713,0.0
2025-06-03,2023-06-05,2025-06-02,500,0.005702662290135274,8.271530072767426e-05,0.00909479525485177,0.14437539881632852,0.07488526155035334,0.0990154119777822,0.8126527962754574,0.9116682082532396,0.0
2025-06-04,2023-06-05,2025-06-03,501,-0.0002684085986693896,7.769937048606604e-05,0.008814724640399497,0.13992941564406192,0.07523308905729387,0.09908426625029583,0.8118671994553097,0.9109514657056056,0.0
2025-06-05,2023-06-05,2025-06-04,502,-0.004832859623354335,7.020501267594236e-05,0.008378843158571616,0.13301001163197257,0.07656354750122488,0.09965161124369801,0.8094186298490453,0.9090702410927434,0.0
2025-06-06,2023-06-06,2025-06-05,502,0.010269030973764526,6.64425698266743e-05,0.008151231184715245,0.1293967835625056,0.07749700786830227,0.09993091287827546,0.807504369870968,0.9074352827492435,0.0
2025-06-09,2023-06-09,2025-06-06,500,0.0009012287764704752,7.206446923814131e-05,0.008489079410521573,0.13475995788071327,0.07654923090164269,0.09906308212328323,0.8094617689613847,0.9085248510846679,0.0
2025-06-10,2023-06-12,2025-06-09,500,0.005669821601985259,6.56186052268061e-05,0.008100531169423773,0.1285919457709352,0.07659429945828183,0.09988723504928915,0.8079062683468213,0.9077935033961104,0.0
2025-06-11,2023-06-12,2025-06-10,501,-0.002852077351950366,6.376650833907466e-05,0.007985393436711473,0.12676419092727575,0.07656757441019141,0.09997012487171007,0.8076111720110128,0.9075812968827229,0.0
2025-06-12,2023-06-12,2025-06-11,502,0.0039742753822695764,5.978184972207131e-05,0.007731872329654138,0.12273966811899881,0.07684586138283855,0.10051269031027113,0.8065104268651571,0.9070231171754282,0.0
2025-06-13,2023-06-13,2025-06-12,502,-0.011179957269386476,5.762540035879816e-05,0.00759113959552834,0.1205056052240606,0.07724813824941308,0.10064060492004132,0.8062690410745342,0.9069096459945756,0.0
2025-06-16,2023-06-16,2025-06-13,500,0.009514031506572485,6.712472029119744e-05,0.008192967734050796,0.1300593307432487,0.0772928443761868,0.10010801499897833,0.8075731289905956,0.907681143989574,0.0
2025-06-17,2023-06-20,2025-06-16,500,-0.008544966880486782,7.097219139351769e-05,0.00842449947436153,0.13373478317612983,0.07743068017671902,0.10020712269446339,0.807220794908135,0.9074279176025984,0.0
2025-06-18,2023-06-20,2025-06-17,501,-0.00015071307483049967,7.229798350692658e-05,0.008502822090748846,0.13497811616608635,0.07731191830635471,0.10030258069427353,0.8071629088441356,0.9074654895384091,0.0
2025-06-20,2023-06-20,2025-06-18,502,-0.002348577608368929,6.600071095741484e-05,0.008124082160922232,0.1289658061707387,0.07707823062733792,0.09981476498054859,0.8075957249903726,0.9074104899709212,0.0
2025-06-23,2023-06-23,2025-06-20,500,0.00987738189722287,6.15061272946774e-05,0.00784258422298909,0.12449716494064716,0.07711938504127579,0.10023228645202316,0.8071392628323548,0.907371549284378,0.0
2025-06-24,2023-06-26,2025-06-23,500,0.011047392828865465,6.73921467569959e-05,0.008209271999208937,0.13031815292875726,0.07727767263626266,0.09935394130813603,0.8083032619608055,0.9076572032689415,0.0
2025-06-25,2023-06-26,2025-06-24,501,0.0005601809583832829,7.440491933666287e-05,0.008625828617394556,0.13693078424094068,0.07753471993557741,0.09950327706928845,0.8080031566466643,0.9075064337159527,0.0
2025-06-26,2023-06-26,2025-06-25,502,0.007823912169541813,6.780607021074996e-05,0.008234444134897628,0.13071774819476117,0.07714754887165483,0.09878420043037522,0.8088398871601901,0.9076240875905652,0.0
2025-06-27,2023-06-27,2025-06-26,502,0.004968423150459644,6.847317225328578e-05,0.00827485179645447,0.1313591999360076,0.07679169911510601,0.0990034866081594,0.8088140414684072,0.9078175280765666,0.0
2025-06-30,2023-06-30,2025-06-27,500,0.004781078490475821,6.55541257396998e-05,0.008096550236965112,0.1285287504273046,0.07670589668112926,0.09933143659581975,0.8088415237059762,0.908172960301796,0.0
2025-07-01,2023-07-03,2025-06-30,500,-0.00032361428413474336,6.316195460918987e-05,0.007947449566319365,0.12616185065825505,0.07644928112714122,0.1000706536133814,0.8092937402106458,0.9093643938240272,0.0
2025-07-02,2023-07-03,2025-07-01,501,0.00453326557880418,5.86344507351679e-05,0.007657313545569876,0.1215560841145449,0.07620407780917698,0.10032563841865622,0.8091337195565093,0.9094593579751655,0.0
2025-07-03,2023-07-03,2025-07-02,502,0.007881400243543668,5.69845369658954e-05,0.007548810301358447,0.119833648510782,0.07597158153709868,0.10054827248956996,0.808967657680803,0.909515930170373,0.0
2025-07-07,2023-07-07,2025-07-03,500,-0.007451971921066947,6.009201120456984e-05,0.0077519037148670675,0.12305765650113609,0.07737759657425841,0.10055137472014279,0.8072196483200685,0.9077710230402113,0.0
2025-07-08,2023-07-10,2025-07-07,500,-0.0005477352950125081,6.175937602097087e-05,0.007858713382034676,0.12475320740279452,0.0776904798228964,0.10047758306534854,0.8065603033242257,0.9070378863895743,0.0
2025-07-09,2023-07-10,2025-07-08,501,0.005996656078344209,5.745400852932898e-05,0.007579842249633496,0.12032626541778359,0.07710942214238388,0.10057605707314628,0.8069470920110314,0.9075231490841777,0.0
2025-07-10,2023-07-10,2025-07-09,502,0.002820258275139098,5.760082670423523e-05,0.007589520848132326,0.12047990840578889,0.07692906931045526,0.10051786076410096,0.806992596730944,0.907510457495045,0.0
2025-07-11,2023-07-11,2025-07-10,502,-0.0035154084840562927,5.466873682305855e-05,0.007393830997734432,0.1173734283362753,0.07636841872308828,0.10115964374723108,0.806632050128961,0.9077916938761921,0.0
2025-07-14,2023-07-14,2025-07-11,500,0.0019081841138897104,5.345479840985041e-05,0.007311278849137845,0.11606295360399159,0.07642358064733831,0.10146851806784675,0.8079240223693408,0.9093925404371875,0.0
2025-07-15,2023-07-17,2025-07-14,500,-0.004273212189356279,5.090200192115655e-05,0.007134563891448204,0.11325769061803904,0.07631863097857627,0.10226100407069472,0.8068341246843251,0.9090951287550199,0.0
2025-07-16,2023-07-17,2025-07-15,501,0.0033431741923299896,5.036864357231574e-05,0.007097086977930857,0.11266276305959999,0.0758556059967146,0.10264433734598473,0.8068281191663741,0.9094724565123589,0.0
2025-07-17,2023-07-17,2025-07-16,502,0.006119736739210957,4.9103523876217445e-05,0.00700739066102479,0.11123887817128865,0.07519173096244594,0.10327173966166431,0.8068763163565763,0.9101480560182407,0.0
2025-07-18,2023-07-18,2025-07-17,502,-0.0007324327901533367,5.10281101421679e-05,0.007143396261034936,0.11339790013852245,0.07556696935206036,0.10308029027667848,0.8063371864813687,0.9094174767580472,0.0
2025-07-21,2023-07-21,2025-07-18,500,0.001896143492131186,4.9045762095265606e-05,0.007003267958265313,0.11117343229390254,0.0764913502381575,0.10446972644276563,0.8051835818109386,0.9096533082537043,0.0
2025-07-22,2023-07-24,2025-07-21,500,0.0001429991465198288,4.706114943573705e-05,0.006860112931704335,0.10890091669864739,0.07546928950107137,0.10520146327260768,0.8052296014017541,0.9104310646743619,0.0
2025-07-23,2023-07-24,2025-07-22,501,0.008507674286080569,4.493422426968924e-05,0.00670329950619016,0.10641158074176744,0.07411032295104159,0.10650822474606564,0.8056294378860909,0.9121376626321565,0.0
2025-07-24,2023-07-24,2025-07-23,502,0.00033102965109055305,5.173309050293346e-05,0.0071925718976547925,0.11417853916887899,0.07548559028583567,0.10487125418048378,0.8052727873042602,0.910144041484744,0.0
2025-07-25,2023-07-25,2025-07-24,502,0.004224338152491125,4.89243678593814e-05,0.006994595618002616,0.11103576316018238,0.07431022309732166,0.10531641302597511,0.8062967955303393,0.9116132085563144,0.0
2025-07-28,2023-07-28,2025-07-25,500,-0.0002511658677887274,4.8125776733772344e-05,0.0069372744456142384,0.11012581775819252,0.07268278229863503,0.10605989522041784,0.8068245720596665,0.9128844672800843,0.0
2025-07-29,2023-07-31,2025-07-28,500,-0.0026375650574512743,4.6028742174560694e-05,0.006784448553461121,0.10769978193102016,0.07207067606332736,0.10709878372177806,0.8074478949946472,0.9145466787164253,0.0
2025-07-30,2023-07-31,2025-07-29,501,-0.0012592724779846298,4.470576547957937e-05,0.006686237019398832,0.10614072216097836,0.07086243042627384,0.10788860868692857,0.8080820011377627,0.9159706098246914,0.0
2025-07-31,2023-07-31,2025-07-30,502,-0.0037512610547767444,4.283828347864427e-05,0.0065450961397556465,0.10390018015681377,0.06931083020804793,0.10907120314759544,0.8088684258797273,0.9179396290273227,0.0
2025-08-01,2023-08-01,2025-07-31,502,-0.01639041762130744,4.2482381543750896e-05,0.006517850991220257,0.10346767683206783,0.0678233808184185,0.10994058446281385,0.8092434049624476,0.9191839894252615,0.0
2025-08-04,2023-08-04,2025-08-01,500,0.015199764160073403,7.257278403053881e-05,0.00851896613624792,0.1352343949433567,0.07482045425445613,0.10849717114998556,0.8038636839059419,0.9123608550559275,0.0
2025-08-05,2023-08-07,2025-08-04,500,-0.005070024116712868,9.256626300886341e-05,0.009621136263917241,0.15273080330514072,0.07776414260726994,0.11214103734483982,0.7979151666360086,0.9100562039808484,0.0
2025-08-06,2023-08-07,2025-08-05,501,0.007659857740445197,8.41452445299834e-05,0.009173071706357876,0.14561799896151512,0.07711175996195442,0.11086392185860851,0.7994962811186043,0.9103602029772128,0.0
2025-08-07,2023-08-07,2025-08-06,502,-0.0008376363499652539,8.140892497005421e-05,0.00902268945326471,0.14323075470182256,0.07701278163136552,0.11092389332530256,0.7993276782045935,0.910251571529896,0.0
2025-08-08,2023-08-08,2025-08-07,502,0.007797554069860935,7.303826094369202e-05,0.00854624250438121,0.1356673938638551,0.07729598263502953,0.11011151045842757,0.8002004780027201,0.9103119884611477,0.0
2025-08-11,2023-08-11,2025-08-08,500,-0.0019775980053369224,7.27028515045664e-05,0.008526596712907583,0.1353555265925656,0.07657723223605727,0.11014409481646856,0.8007278652146815,0.9108719600311501,0.0
2025-08-12,2023-08-14,2025-08-11,500,0.010646078845516938,6.589461369741343e-05,0.00811754973482845,0.12886210712132634,0.0752152197529137,0.109808363670296,0.8017598744745059,0.9115682381448019,0.0
2025-08-13,2023-08-14,2025-08-12,501,0.003423132386020322,7.285173090065843e-05,0.008535322542274454,0.13549404483949076,0.07542955409109971,0.10979185738237403,0.8016159312911867,0.9114077886735608,0.0
2025-08-14,2023-08-14,2025-08-13,502,9.310926376882023e-05,6.712189253678127e-05,0.008192795160186861,0.13005659121808813,0.07511777376473835,0.10928561860593554,0.8021450945014231,0.9114307131073587,0.0
2025-08-15,2023-08-15,2025-08-14,502,-0.0023412933863844465,6.117640661787225e-05,0.007821534799377437,0.12416301569994105,0.07449568162277659,0.10929386595431073,0.8025331235440752,0.9118269894983859,0.0
2025-08-18,2023-08-18,2025-08-15,500,-0.00021771255650937515,5.7623998004193223e-05,0.007591047227108604,0.12050413892085489,0.07586845524619637,0.11017749365696687,0.8014472479656416,0.9116247416226084,0.0
2025-08-19,2023-08-21,2025-08-18,500,-0.00542510102815319,5.319233704348567e-05,0.007293307688798387,0.11577767027781476,0.0745228605855277,0.11113756034437396,0.8013249374935669,0.9124624978379409,0.0
2025-08-20,2023-08-21,2025-08-19,501,-0.0026569843521784264,5.3244203092635225e-05,0.007296862551304857,0.11583410197063763,0.07433692284174011,0.11111904707951302,0.8013022544105511,0.9124213014900642,0.0
2025-08-21,2023-08-21,2025-08-20,502,-0.004011906127353915,5.065493769690804e-05,0.007117228231334727,0.11298249554519864,0.07387730542159247,0.11184601535694842,0.8010251320613139,0.9128711474182623,0.0
2025-08-22,2023-08-22,2025-08-21,502,0.015356735941821187,4.956298605138248e-05,0.0070400984404610754,0.11175809807324202,0.07333376773497859,0.11236131407015845,0.8010731291321885,0.913434443202347,0.0
2025-08-25,2023-08-25,2025-08-22,500,-0.0044010204560761546,7.414390936087188e-05,0.008610685766004463,0.1366903989274291,0.07549474328471822,0.10868880483910749,0.8035459007707484,0.9122347056098559,0.0
2025-08-26,2023-08-28,2025-08-25,500,0.004187065214133812,6.920588295788852e-05,0.008319007330077823,0.13206014730185603,0.0750413841984732,0.10802265100466464,0.804805231343056,0.9128278823477207,0.0
2025-08-27,2023-08-28,2025-08-26,501,0.002278452752666471,6.496506283118912e-05,0.008060090745840838,0.12794997394864782,0.07457799603561936,0.1075898015502256,0.8054715896282508,0.9130613911784764,0.0
2025-08-28,2023-08-28,2025-08-27,502,0.0035415153417788225,6.02228203803344e-05,0.007760336357422557,0.12319152055171764,0.0740206241741492,0.10735856589722771,0.806128516798685,0.9134870826959127,0.0
2025-08-29,2023-08-29,2025-08-28,502,-0.0059638290232071345,5.7242267810030566e-05,0.007565862000461716,0.12010433584233211,0.07365996686807279,0.10755962671419979,0.8064284471253861,0.9139880738395859,0.0
2025-09-02,2023-09-05,2025-08-29,499,-0.0074102526816088865,5.749572515635407e-05,0.007582593563969658,0.1203699411788559,0.07432094355391618,0.10918445771660536,0.8048869669274543,0.9140714246440597,0.0
2025-09-03,2023-09-05,2025-09-02,500,0.005419546163007771,5.966273027947033e-05,0.007724165345166449,0.12261732353312285,0.07441849669930926,0.10882747153717993,0.8048170475801615,0.9136445191173415,0.0
2025-09-04,2023-09-05,2025-09-03,501,0.008357513412322604,5.853906724898071e-05,0.007651082750106727,0.12145717330295128,0.07415128266521658,0.1087309042521203,0.8049408564606925,0.9136717607128128,0.0
2025-09-05,2023-09-05,2025-09-04,502,-0.0028963839692857096,6.212898879434047e-05,0.007882194414903789,0.12512595724378617,0.07445941123628076,0.1084062038453449,0.8046576141995901,0.9130638180449351,0.0
2025-09-08,2023-09-08,2025-09-05,500,0.0024567686612921857,5.827148178770789e-05,0.007633575950215462,0.12117926147036212,0.0735544663438513,0.10811011042050625,0.8060875909698685,0.9141977013903747,0.0
2025-09-09,2023-09-11,2025-09-08,500,0.002311789288386157,5.45095117867639e-05,0.007383055721499323,0.11720237612891858,0.07196314647938563,0.1081594527300923,0.8072033450921815,0.9153627978222738,0.0
2025-09-10,2023-09-11,2025-09-09,501,0.002890900188266654,5.155963461407339e-05,0.007180503785534368,0.11398696382809087,0.07130208243729069,0.1086241536165214,0.8074207207002436,0.9160448743167651,0.0
2025-09-11,2023-09-11,2025-09-10,502,0.008310100433307488,4.9431397536288456e-05,0.007030746584559029,0.11160964196315966,0.07067113036828639,0.1092087129795911,0.8074974488651181,0.9167061618447092,0.0
2025-09-12,2023-09-12,2025-09-11,502,-0.000334630440747552,5.472985487460495e-05,0.007397962886809107,0.11743902004189427,0.07126492039142357,0.10816387131653458,0.8077301813945105,0.9158940527110451,0.0
2025-09-15,2023-09-15,2025-09-12,500,0.0053239632981088025,5.07562094258471e-05,0.0071243392273141444,0.11309537910681175,0.06922877650154778,0.10875696632766077,0.8091001480289639,0.9178571143566246,0.0
2025-09-16,2023-09-18,2025-09-15,500,-0.0013767915798059693,5.148235693160891e-05,0.007175120691083106,0.1139015098528788,0.07044726012123101,0.10929397239353852,0.8080452829713706,0.9173392553649091,0.0
2025-09-17,2023-09-18,2025-09-16,501,-0.0012423635595048,4.856458546578423e-05,0.006968829562113299,0.11062673970328163,0.0694653240305542,0.10989358835261606,0.8086082405401122,0.9185018288927282,0.0
2025-09-18,2023-09-18,2025-09-17,502,0.0046724054804268,4.603438980050869e-05,0.0067848647591907596,0.10770638899214935,0.0684194466458179,0.11079898744321691,0.8090164658056774,0.9198154532488944,0.0
2025-09-19,2023-09-19,2025-09-18,502,0.004952868450893266,4.588906775020785e-05,0.006774147012739527,0.1075362500417993,0.06698792699363716,0.11095840167505065,0.8094685962242741,0.9204269978993248,0.0
2025-09-22,2023-09-22,2025-09-19,500,0.004731142076964234,4.6816808962759736e-05,0.006842280976601278,0.10861784318709083,0.06825164910821542,0.11236368938599027,0.8073432232309163,0.9197069126169066,0.0
2025-09-23,2023-09-25,2025-09-22,500,-0.0054435624348510014,4.665361100426221e-05,0.006830344867154382,0.10842836332378201,0.06712277942209749,0.11252320717695673,0.807680115702847,0.9202033228798038,0.0
2025-09-24,2023-09-25,2025-09-23,501,-0.0031816642308674092,4.766058392630192e-05,0.006903664528806561,0.10959227686944041,0.06703452660526335,0.11235918393519957,0.8076696477973054,0.920028831732505,0.0
2025-09-25,2023-09-25,2025-09-24,502,-0.004613467564511753,4.607222243639184e-05,0.006787652203552554,0.10775063829959777,0.06616373759109054,0.11265805578640524,0.80830927327172,0.9209673290581252,0.0
2025-09-26,2023-09-26,2025-09-25,502,0.005729127602591033,4.588677424189564e-05,0.006773977726705015,0.10753356270931277,0.06534780469241465,0.11302138589455533,0.8083894361020297,0.9214108219965851,0.0
2025-09-29,2023-09-29,2025-09-26,500,0.0028103535347194786,4.754921945411384e-05,0.00689559420602125,0.1094641644669007,0.06633413208940975,0.11455633870694301,0.8064231664553031,0.9209795051622461,0.0
2025-09-30,2023-10-02,2025-09-29,500,0.003766834755358328,4.525490671854616e-05,0.006727176727167657,0.1067906198740022,0.06436827063960826,0.1146571667916659,0.8079896641683756,0.9226468309600415,0.0
2025-10-01,2023-10-02,2025-09-30,501,0.0034074798459751143,4.4403203071791914e-05,0.0066635728458381786,0.1057809395595046,0.06367280309256404,0.11486933343174159,0.8084708398246353,0.9233401732563769,0.0
2025-10-02,2023-10-02,2025-10-01,502,0.001151824796685963,4.333795419242375e-05,0.006583156856130936,0.10450437529831363,0.06286422082446701,0.11518893595301939,0.8090239413612457,0.924212877314265,0.0
2025-10-03,2023-10-03,2025-10-02,502,-1.4805406382656372e-05,4.068942404521957e-05,0.006378826227858819,0.101260727132464,0.06071040939128643,0.11622062565170675,0.8100551781824521,0.9262758038341589,0.0
2025-10-06,2023-10-06,2025-10-03,500,0.003586271966467658,3.861763396893019e-05,0.006214308808623063,0.09864909406664822,0.059738826320112216,0.1181720007688912,0.8099618372236305,0.9281338379925217,0.0
2025-10-07,2023-10-09,2025-10-06,500,-0.0037075138893177817,3.88709356277283e-05,0.006234656015188672,0.098972095957333,0.06044288667416029,0.11980128741280599,0.8082957905403215,0.9280970779531275,0.0
2025-10-08,2023-10-09,2025-10-07,501,0.005963055269571305,3.8850235160404525e-05,0.006232995681083416,0.09894573897051828,0.05973667081134918,0.12015440892661496,0.8086922370679439,0.9288466459945589,0.0
2025-10-09,2023-10-09,2025-10-08,502,-0.002896974724933221,4.178850135903068e-05,0.006464402629712252,0.10261921039686348,0.06023684596382639,0.11952801984480974,0.8083089946146644,0.9278370144594742,0.0
2025-10-10,2023-10-10,2025-10-09,502,-0.027027862178845674,4.045475972379142e-05,0.006360405625727924,0.10096830913903351,0.058876286670826,0.1195804276586731,0.8099723207283483,0.9295527483870214,0.0
2025-10-13,2023-10-13,2025-10-10,500,0.015344118135168339,0.0001280802727866519,0.011317255532444776,0.17965586197571254,0.06623664639799255,0.11819481836029895,0.8069396660601229,0.9251344844204219,0.0
2025-10-14,2023-10-16,2025-10-13,500,-0.0012216462876413203,0.00014061941848568792,0.011858305885989275,0.18824477006916646,0.0668928995537252,0.1227056199871411,0.8022225909170204,0.9249282109041616,0.0
2025-10-15,2023-10-16,2025-10-14,501,0.004439529909605389,0.00011815467712931478,0.0108698977515575,0.1725542773639278,0.06618621238462387,0.11918195208161945,0.8056075560617401,0.9247895081433595,0.0
2025-10-16,2023-10-16,2025-10-15,502,-0.006810319600221937,0.00010356847042167279,0.010176859555956975,0.16155263707616024,0.06590539631740465,0.11733119935978077,0.8071219160224894,0.9244531153822702,0.0
2025-10-17,2023-10-17,2025-10-16,502,0.005676392528467966,9.563351502938063e-05,0.009779238980073072,0.15524060611645368,0.06650716949590965,0.11694365192184104,0.8068994736307794,0.9238431255526205,0.0
2025-10-20,2023-10-20,2025-10-17,500,0.010400500262923273,8.714379802124518e-05,0.009335084253569713,0.1481898684166829,0.06690419710328419,0.11592291086152261,0.8064982484373862,0.9224211592989088,0.0
2025-10-21,2023-10-23,2025-10-20,500,-1.494287878323064e-05,8.989513337627116e-05,0.00948130441322665,0.1505110414913814,0.06775837437575061,0.11680645379128769,0.8054578117275025,0.9222642655187903,0.0
2025-10-22,2023-10-23,2025-10-21,501,-0.005198916065879078,7.903002763345208e-05,0.008889883443187098,0.14112252465014197,0.06807432663335491,0.11582739425308196,0.8055824046889508,0.9214097989420328,0.0
2025-10-23,2023-10-23,2025-10-22,502,0.005929962705964353,7.346460031382366e-05,0.008571149299471085,0.13606277697843583,0.06812120625830688,0.11558893080268075,0.8053952961145655,0.9209842269172462,0.0
2025-10-24,2023-10-24,2025-10-23,502,0.008172554694480416,6.947038188891118e-05,0.008334889434714247,0.13231226789684175,0.06706249954627663,0.11527386596837412,0.8055471837826282,0.9208210497510023,0.0
2025-10-27,2023-10-27,2025-10-24,500,0.011797664492784632,7.082080793703322e-05,0.008415509962981045,0.13359207910700535,0.06848160223115604,0.11393867022617803,0.8058817341431652,0.9198204043693432,0.0
2025-10-28,2023-10-30,2025-10-27,500,0.002656016019079832,7.96265687829351e-05,0.00892337205225329,0.14165413983819763,0.06755460496692889,0.11411087208791477,0.8065137976274583,0.9206246697153732,0.0
2025-10-29,2023-10-30,2025-10-28,501,0.0004803706386860007,7.166466740554624e-05,0.008465498650732055,0.13438562492393916,0.06757895636099794,0.11344285705105421,0.8067284467492499,0.9201713038003041,0.0
2025-10-30,2023-10-30,2025-10-29,502,-0.010998097614260183,6.451393570501703e-05,0.008032056754344869,0.12750494813011884,0.06779157596988375,0.1132686215032227,0.8063574394326701,0.9196260609358928,0.0
2025-10-31,2023-10-31,2025-10-30,502,0.003280040742968948,7.28504358249925e-05,0.008535246676282561,0.13549284050420565,0.06783898317938411,0.1119753350322635,0.8082946251631096,0.9202699601953731,0.0
2025-11-03,2023-11-03,2025-10-31,500,0.0018768302726830388,6.749894833661659e-05,0.008215774360132865,0.13042137470839427,0.06785246143972055,0.11055567592557794,0.8108830409776936,0.9214387169032715,0.0
2025-11-04,2023-11-06,2025-11-03,500,-0.01185354736001909,6.242016455619593e-05,0.007900643300149422,0.12541882421774403,0.06889883372665961,0.11143699361974563,0.8102510032880234,0.9216879969077689,0.0
2025-11-05,2023-11-06,2025-11-04,501,0.0034653852011290454,7.319549479407886e-05,0.008555436563617244,0.13581334502952155,0.06863457124545765,0.11051401839465018,0.8116049745934317,0.9221189929880819,0.0
2025-11-06,2023-11-06,2025-11-05,502,-0.010729363869237507,6.750040879112203e-05,0.008215863240775252,0.13042278564485102,0.06848134889009765,0.11008451484860433,0.8118818309638453,0.9219663458124496,0.0
2025-11-07,2023-11-07,2025-11-06,502,0.000984565078659072,7.39998654486101e-05,0.008602317446398389,0.13655755597201402,0.06797801058449333,0.10997563100191893,0.8118332000023591,0.921808831004278,0.0
2025-11-10,2023-11-10,2025-11-07,500,0.015604278627143309,6.631013580546886e-05,0.008143103573298626,0.12926776173113755,0.06675541964274989,0.11012960486643239,0.8116655940848032,0.9217951989512356,0.0
2025-11-11,2023-11-13,2025-11-10,500,0.002289267544563822,8.806031558595855e-05,0.009384045800504094,0.14896710887864326,0.06484937088223677,0.10772358591630112,0.8192947692634117,0.9270183551797129,0.0
2025-11-12,2023-11-13,2025-11-11,501,0.0005564804700675108,7.902323075439295e-05,0.008889501153292739,0.14111645598620673,0.06459861006279831,0.10643446595610252,0.8204688786133643,0.9269033445694668,0.0
2025-11-13,2023-11-13,2025-11-12,502,-0.016593994920437227,7.126590236462602e-05,0.008441913430296832,0.1340112211566097,0.06453966894813701,0.10562825346259071,0.821036488554939,0.9266647420175298,0.0
2025-11-14,2023-11-14,2025-11-13,502,-0.0001637328001578009,9.448837956580172e-05,0.009720513338594918,0.15430836545885007,0.06486238549890666,0.10750637696255039,0.8191761631042195,0.9266825400667699,0.0
2025-11-17,2023-11-17,2025-11-14,500,-0.00931643825039885,8.389375035479408e-05,0.009159353162466992,0.14540022382860388,0.06047839987819374,0.10750841401634084,0.8247972463394018,0.9323056603557426,0.0
2025-11-18,2023-11-20,2025-11-17,500,-0.008397553343794883,8.430185214773115e-05,0.009181604007347036,0.1457534450406859,0.06093855874466508,0.10782937634522125,0.823273035811673,0.9311024121568943,0.0
2025-11-19,2023-11-20,2025-11-18,501,0.0038631766432766224,8.300085250502997e-05,0.009110480366316035,0.1446243922416532,0.0607619093971792,0.1079904651681284,0.8231107119668385,0.9311011771349669,0.0
2025-11-20,2023-11-20,2025-11-19,502,-0.015242227316648038,7.58759815029374e-05,0.00871068203431496,0.13827779047533348,0.060767387251160224,0.10738700334423833,0.8233292629904998,0.9307162663347381,0.0
2025-11-21,2023-11-21,2025-11-20,502,0.009961232480063087,9.491619785613862e-05,0.00974249443705967,0.15465730457934063,0.0607088605352652,0.10957803290061571,0.8238719553218345,0.9334499882224503,0.0
2025-11-24,2023-11-24,2025-11-21,501,0.014718418739979588,9.52570827702977e-05,0.009759973502540757,0.15493477614181725,0.06321611463435903,0.10983412645410703,0.8207986811815877,0.9306328076356948,0.0
2025-11-25,2023-11-27,2025-11-24,501,0.009406020957730021,0.00010866502901912165,0.010424251964487508,0.16547986981146276,0.06415007449844941,0.11132093609380753,0.8183958738917693,0.9297168099855768,0.0
2025-11-26,2023-11-27,2025-11-25,502,0.006903490619724062,0.0001051742105769287,0.010255447848676755,0.16280018754714637,0.0639168539421225,0.11171682052617306,0.8181109474121543,0.9298277679383273,0.0
2025-11-28,2023-11-28,2025-11-26,502,0.0054584342293309,9.728983001826688e-05,0.009863560717016289,0.15657917219286624,0.06468558020430898,0.11085491625723733,0.8173022980719146,0.9281572143291519,0.0
2025-12-01,2023-12-01,2025-11-28,500,-0.004565560353440801,8.856274724451989e-05,0.009410778248610467,0.14939147333639566,0.06521833347682934,0.1098536195825824,0.8162571259989928,0.9261107455815752,0.0
2025-12-02,2023-12-04,2025-12-01,500,0.001852367504067809,8.116183913781119e-05,0.009008986576625098,0.1430132282788149,0.06581802609526076,0.10966647212139274,0.8158799810562014,0.9255464531775941,0.0
2025-12-03,2023-12-04,2025-12-02,501,0.003462749080359595,7.301993266067479e-05,0.008545170136438174,0.13565037055050772,0.06634676761685494,0.10947105279963978,0.8151062243878465,0.9245772771874863,0.0
2025-12-04,2023-12-04,2025-12-03,502,0.0007310498015529188,6.729923675416588e-05,0.008203611202035716,0.13022829055950094,0.06671941376295135,0.10961874991372808,0.8142270802134159,0.923845830127144,0.0
2025-12-05,2023-12-05,2025-12-04,502,0.0018994848443159018,6.14722662335779e-05,0.007840425130921022,0.12446289041662836,0.06772456852622762,0.11052552148321174,0.8124185414587594,0.9229440629419711,0.0
2025-12-08,2023-12-08,2025-12-05,500,-0.0030042091058060105,5.677227488940908e-05,0.007534737877949642,0.11961025571467979,0.06783963959911044,0.11192460659885192,0.8108298240229098,0.9227544306217618,0.0
2025-12-09,2023-12-11,2025-12-08,500,-0.0008631180942337835,5.3513009117968615e-05,0.0073152586501072266,0.1161261309857867,0.06782229155123487,0.11300735061681312,0.8096136126545697,0.9226209632713828,0.0
2025-12-10,2023-12-11,2025-12-09,501,0.006632235252757246,4.986077203008109e-05,0.007061216044710789,0.11209332964802336,0.06805836914836703,0.11461525536659496,0.8078191706676094,0.9224344260342044,0.0
2025-12-11,2023-12-11,2025-12-10,502,0.0023269460314641055,5.214643043986178e-05,0.007221248537466481,0.11463376671315119,0.06786072100536476,0.11362237030840248,0.8085982016166786,0.9222205719250811,0.0
2025-12-12,2023-12-12,2025-12-11,502,-0.010751986278262682,4.914695914375723e-05,0.007010489222854367,0.11128806631542675,0.06720827430151653,0.11483572794045784,0.8079026588759849,0.9227383868164427,0.0
2025-12-15,2023-12-15,2025-12-12,500,-0.001510898681416406,6.0228841810512424e-05,0.007760724309657728,0.12319767910252666,0.06853892838077842,0.11393989917163423,0.8079863050341105,0.9219262042057448,0.0
2025-12-16,2023-12-18,2025-12-15,500,-0.002732285145230273,5.532922830675717e-05,0.007438361937063642,0.11808033508295447,0.06739273201859214,0.11422270744405813,0.8082984564771216,0.9225211639211798,0.0
2025-12-17,2023-12-18,2025-12-16,501,-0.011003593983400228,5.214871964582504e-05,0.007221407040585999,0.11463628287216884,0.0668902551483077,0.11451180153077958,0.8084693360369717,0.9229811375677512,0.0
2025-12-18,2023-12-18,2025-12-17,502,0.00755126270975226,6.294438827223251e-05,0.00793374995019584,0.12594437599433567,0.06794684051071342,0.11324249177998477,0.8084237261037304,0.9216662178837152,0.0
2025-12-19,2023-12-19,2025-12-18,502,0.009063506223587092,6.409719555825472e-05,0.008006072417749838,0.12709245957443815,0.06792762199889076,0.1133643806796043,0.8082249181173781,0.9215892987969824,0.0
2025-12-22,2023-12-22,2025-12-19,500,0.00622989400678442,6.87866291464189e-05,0.008293770502396295,0.13165952508230297,0.067873798421133,0.11515055862401256,0.8094624622633968,0.9246130208874094,0.0
2025-12-23,2023-12-26,2025-12-22,500,0.0045704023396588855,6.679961264372436e-05,0.008173102999701176,0.12974398786155195,0.06835653248294031,0.11462273654468043,0.8087064766958023,0.9233292132404828,0.0
2025-12-24,2023-12-26,2025-12-23,501,0.003517674396244841,6.313232718045862e-05,0.007945585389413333,0.1261322577672959,0.0680388153021903,0.11428876926211352,0.809093235299506,0.9233820045616196,0.0
2025-12-26,2023-12-26,2025-12-24,502,-0.00010140966545213459,5.918296251247361e-05,0.007693046373997339,0.12212332518050494,0.0676706938522586,0.11412148236499096,0.8094343398482231,0.9235558222132141,0.0
2025-12-29,2023-12-29,2025-12-26,500,-0.0035636535074947684,5.4399480664488685e-05,0.007375600359597088,0.11708402592775477,0.06771019033730358,0.11395921515565503,0.8086124950503562,0.9225717102060111,0.0
2025-12-30,2024-01-02,2025-12-29,500,-0.0012211244085722495,5.18779014392127e-05,0.00720263156347822,0.11433823141312623,0.06708597975162872,0.11444903205917313,0.8083750790255367,0.9228241110847099,0.0
2025-12-31,2024-01-02,2025-12-30,501,-0.0074089416209803804,4.857976100352097e-05,0.006969918292456589,0.11064402276168056,0.06652059650504966,0.1152800163543274,0.8082389160218798,0.9235189323762072,0.0
2026-01-02,2024-01-02,2025-12-31,502,0.0018329931020035772,5.231253570762693e-05,0.007232740539216579,0.11481619658533367,0.06681461403505448,0.1142654124098489,0.8084749091564378,0.9227403215662867,0.0
2026-01-05,2024-01-05,2026-01-02,500,0.006660117292359935,4.9383694701735345e-05,0.007027353321253696,0.11155577557812643,0.0664691744228191,0.1155408575569171,0.8086249621603988,0.9241658197173159,0.0
2026-01-06,2024-01-08,2026-01-05,500,0.0059472480516442605,5.1376432261215385e-05,0.0071677355044124915,0.11378427364898139,0.06633556649686838,0.11550983768339736,0.8077288984392514,0.9232387361226488,0.0
2026-01-07,2024-01-08,2026-01-06,501,-0.003223412281198157,5.2162508110988356e-05,0.007222361671294811,0.11465143716486537,0.06634631011358963,0.11524565545404726,0.8076575457737851,0.9229032012278324,0.0
2026-01-08,2024-01-08,2026-01-07,502,-0.00010152731427326422,4.9769856002816926e-05,0.007054775404137039,0.1119910876485708,0.0656748723016328,0.11539039645034257,0.8081567556852901,0.9235471521356327,0.0
2026-01-09,2024-01-09,2026-01-08,502,0.006613382996888628,4.6838134008267754e-05,0.00684383912787755,0.10864257807178303,0.06607566431650579,0.11901032037488404,0.8061359435686026,0.9251462639434866,0.0
2026-01-12,2024-01-12,2026-01-09,500,0.00157043300066384,4.946067375578109e-05,0.00703282828994005,0.11164268801160618,0.06601823400655098,0.11757935915639198,0.8065352893389269,0.9241146484953189,0.0
2026-01-13,2024-01-16,2026-01-12,500,-0.0019995067653818532,4.619298883505238e-05,0.006796542417660055,0.10789176607338116,0.06420566626984715,0.11788797502395247,0.8077349837790656,0.925622958803018,0.0
2026-01-14,2024-01-16,2026-01-13,501,-0.0049151644595419874,4.3887845002522444e-05,0.006624790185547196,0.10516528391363596,0.06320703561243991,0.11857531634616325,0.8082822849528756,0.9268576012990388,0.0
2026-01-15,2024-01-16,2026-01-14,502,0.002723208385480236,4.456635830544456e-05,0.006675803944503206,0.10597510223147714,0.06302522564417047,0.11844204502978209,0.8083427276712285,0.9267847727010106,0.0
2026-01-16,2024-01-16,2026-01-15,503,-0.000837905189162047,4.290558716221785e-05,0.006550235656998751,0.10398176746371886,0.06209541604344644,0.11897971776002905,0.8089024828518255,0.9278822006118546,0.0
2026-01-20,2024-01-22,2026-01-16,500,-0.02035680001149731,4.103667671653367e-05,0.006405987567622472,0.10169190003420374,0.06258225139544882,0.12379166207186111,0.8066028078758887,0.9303944699477498,0.0
2026-01-21,2024-01-22,2026-01-20,501,0.0115411092816613,9.237424522191801e-05,0.009611152127706545,0.15257231005632493,0.06922045458997603,0.12154907257813233,0.8039450415268782,0.9254941141050105,0.0
2026-01-22,2024-01-22,2026-01-21,502,0.005223257672714476,9.82099932400834e-05,0.009910095521239106,0.15731788930856216,0.07028686751382661,0.12406059012475963,0.800516581013021,0.9245771711377807,0.0
2026-01-23,2024-01-23,2026-01-22,502,0.00036273518897367296,8.824514900171562e-05,0.009393888917893145,0.1491233635230655,0.0692065420232734,0.12180867063366431,0.8027743797647231,0.9245830503983874,0.0
2026-01-26,2024-01-26,2026-01-23,500,0.005078142735685631,7.671043696834268e-05,0.008758449461425389,0.1390360748727551,0.06626898108692872,0.11854902657571235,0.8073131673415421,0.9258621939172544,0.0
2026-01-27,2024-01-29,2026-01-26,500,0.0039842543077575066,7.102851966719637e-05,0.00842784193416063,0.13378784308050373,0.06501014003592258,0.11792474872738291,0.8080541636929325,0.9259789124203154,0.0
2026-01-28,2024-01-29,2026-01-27,501,-0.0001006645803248718,6.565314198462905e-05,0.008102662647835528,0.12862578194174962,0.064756651020143,0.11747746850052669,0.808438813922513,0.9259162824230397,0.0
2026-01-29,2024-01-29,2026-01-28,502,-0.001984377154833794,5.9472831817787145e-05,0.007711863057509978,0.12242203077094564,0.06456360083050887,0.11736317909406675,0.8085658055473589,0.9259289846414257,0.0
2026-01-30,2024-01-30,2026-01-29,502,-0.002982572514766746,5.499164484050671e-05,0.0074156351609627295,0.11771955869696292,0.06448696493934683,0.11773849791574587,0.8084434213601595,0.9261819192759053,0.0
2026-02-02,2024-02-02,2026-01-30,500,0.004971400525214165,5.2016095539399876e-05,0.007212218489438591,0.1144904191446986,0.06514404539467714,0.11804713736729197,0.8074673894968171,0.9255145268641091,0.0
2026-02-03,2024-02-05,2026-02-02,500,-0.008455473390127866,5.175359246792137e-05,0.00719399697441703,0.11420116156115133,0.06626639807508566,0.1192691522262055,0.8060976620260017,0.9253668142522072,0.0
2026-02-04,2024-02-05,2026-02-03,501,-0.004843853725993386,5.6920033865667795e-05,0.007544536689927871,0.11976580703250943,0.0664833680816152,0.11807244268083261,0.8066226116230831,0.9246950543039157,0.0
2026-02-05,2024-02-05,2026-02-04,502,-0.012489284060324235,5.521319637232012e-05,0.007430558281335267,0.1179564558887078,0.06623290949417752,0.11794889545619675,0.8067295692831764,0.9246784647393731,0.0
2026-02-06,2024-02-06,2026-02-05,502,0.01918478647681998,6.972889059937225e-05,0.008350382661852824,0.13255821525292882,0.06708067456967133,0.11723846746604605,0.8065314119592497,0.9237698794252958,0.0
2026-02-09,2024-02-09,2026-02-06,500,0.004821815563577747,0.00010829143387352464,0.010406317017731329,0.16519516135809856,0.06894101277774571,0.12150139466013798,0.8022491260880478,0.9237505207481858,0.0
2026-02-10,2024-02-12,2026-02-09,500,-0.0026371459581814305,9.609404766742284e-05,0.009802757146202433,0.15561394542967724,0.06817806129315258,0.11991788002588781,0.8041783344005338,0.9240962144264215,0.0
2026-02-11,2024-02-12,2026-02-10,501,-0.00023112214366449724,8.462255456798256e-05,0.00919905182983456,0.14603042063601546,0.0677664200047,0.11820064030682614,0.805796469262149,0.9239971095689752,0.0
2026-02-12,2024-02-12,2026-02-11,502,-0.01544885969788623,7.484846317431378e-05,0.008651500631353719,0.1373383148284814,0.06762076067373328,0.11702645168097216,0.8066816769148781,0.9237081285958503,0.0
2026-02-13,2024-02-13,2026-02-12,502,0.0007044991031190939,9.533477158692827e-05,0.00976395266205896,0.15499794334089056,0.06709467604389426,0.11889704207481118,0.8056062940892159,0.9245033361640271,0.0
2026-02-17,2024-02-20,2026-02-13,499,0.0016134830190519533,8.437250363893357e-05,0.009185450649746782,0.14581450859571987,0.06788335473797895,0.11710355301326739,0.8083386170942684,0.9254421701075357,0.0
2026-02-18,2024-02-20,2026-02-17,500,0.005037707550576753,7.519968599585708e-05,0.008671775250538789,0.13766016443022283,0.0679301160810474,0.11624295316809131,0.8087482530620828,0.9249912062301741,0.0
2026-02-19,2024-02-20,2026-02-18,501,-0.002637433731113581,7.042815359113568e-05,0.0083921483299055,0.13322122467897596,0.06787883253704957,0.11600353499708443,0.8086679373442692,0.9246714723413536,0.0
2026-02-20,2024-02-20,2026-02-19,502,0.007231939581382241,6.444541408095894e-05,0.008027790111914918,0.1274372172813015,0.06801839475657935,0.11603025023708241,0.8082214493339178,0.9242516995710002,0.0
2026-02-23,2024-02-23,2026-02-20,500,-0.010211366038766267,6.444251913911918e-05,0.008027609802370763,0.12743435495602445,0.06886661728940997,0.1225666726292664,0.8015705281348325,0.9241372007640989,0.0
2026-02-24,2024-02-26,2026-02-23,500,0.00726847527019836,7.109283220472712e-05,0.008431656551634864,0.1338483982556057,0.06878805729580842,0.12137749626803251,0.8020202664442581,0.9233977627122906,0.0
2026-02-25,2024-02-26,2026-02-24,501,0.008438306300538434,7.0191652193356e-05,0.008378045845742072,0.13299735468318802,0.06863152048419993,0.12124229371950843,0.8020234714858523,0.9232657652053607,0.0
2026-02-26,2024-02-26,2026-02-25,502,-0.005554445579207146,7.169893487644658e-05,0.008467522357599452,0.1344177502745249,0.06849239532300457,0.1212068557976249,0.8019918289351963,0.9231986847328212,0.0
2026-02-27,2024-02-27,2026-02-26,502,-0.004801940858611298,6.800537989979528e-05,0.008246537449123436,0.13090972360656947,0.06861265378873502,0.12085195843925672,0.8018597130678168,0.9227116715070736,0.0
2026-03-02,2024-03-04,2026-02-27,499,0.0005686124327104469,6.37604299652691e-05,0.007985012834383493,0.12675814905262625,0.06748802454208758,0.12088992969678516,0.8022523696260985,0.9231422993228836,0.0
2026-03-03,2024-03-04,2026-03-02,500,-0.008814339520359149,5.784011404523076e-05,0.007605268834514054,0.12072989993948538,0.06740502488483657,0.1210300695711949,0.8020084548064593,0.9230385243776542,0.0
2026-03-04,2024-03-04,2026-03-03,501,0.00705526576749449,6.252290729150088e-05,0.007907142802017734,0.12552200061128016,0.06732073532086491,0.12021838274033884,0.8026729628882009,0.9228913456285397,0.0
2026-03-05,2024-03-05,2026-03-04,501,-0.005575491873376914,6.248372476015824e-05,0.007904664746854115,0.12548266270509195,0.06657624204721667,0.12057118561295493,0.8022970738032837,0.9228682594162387,0.0
2026-03-06,2024-03-06,2026-03-05,501,-0.01310712873041986,6.0717786284755094e-05,0.007792161849240241,0.12369673457192912,0.06664802814952873,0.12006732440142823,0.8030778848114328,0.923145209212861,0.0
2026-03-09,2024-03-11,2026-03-06,499,0.00875996072290297,7.690367828947605e-05,0.008769474231074293,0.1392110876652717,0.06768038715164185,0.1203788894677352,0.8037330244627076,0.9241119139304428,0.0
2026-03-10,2024-03-11,2026-03-09,500,-0.0016071058958396778,7.779515402599023e-05,0.00882015612254059,0.14001563775003686,0.06780027409872409,0.12082955491200761,0.8030235163948076,0.9238530713068153,0.0
2026-03-11,2024-03-11,2026-03-10,501,-0.0012551345486657706,6.944144549289737e-05,0.008333153394297826,0.13228470910959492,0.06741400801015057,0.11973001942692897,0.8041425961335641,0.923872615560493,0.0
2026-03-12,2024-03-12,2026-03-11,501,-0.015184966271003186,6.240417221776398e-05,0.007899631144411995,0.12540275674352827,0.06693555894996148,0.11980405147986184,0.8037453732006957,0.9235494246805576,0.0
2026-03-13,2024-03-13,2026-03-12,501,-0.00566013575260893,8.559433087621582e-05,0.009251720427910467,0.14686650871048304,0.06840756786422406,0.12098206746182069,0.8033839900736152,0.9243660575354359,0.0
2026-03-16,2024-03-18,2026-03-13,499,0.01017686501045656,7.920542675921058e-05,0.008899743072651624,0.14127904141563627,0.06808365662256866,0.12074847809949935,0.8033145328990837,0.924063010998583,0.0
2026-03-17,2024-03-18,2026-03-16,500,0.002630544991105488,8.299273835677025e-05,0.009110035035979293,0.14461732284171944,0.06816485836474234,0.12145539214014359,0.8025824873179457,0.9240378794580892,0.0
2026-03-18,2024-03-18,2026-03-17,501,-0.013953644515257158,7.412783048733276e-05,0.008609752057250706,0.13667557676047268,0.06795107505432171,0.12040699383018034,0.8034083946362858,0.9238153884664662,0.0
2026-03-19,2024-03-19,2026-03-18,501,-0.002464288275344284,9.038206454193448e-05,0.009506948224426935,0.15091812437400448,0.06825284069222944,0.12162308782266676,0.8030869639479172,0.924710051770584,0.0
2026-03-20,2024-03-20,2026-03-19,501,-0.014335787930812693,8.014551731994498e-05,0.008952402879671188,0.14211498993641078,0.06825309942535299,0.12048699242230664,0.8041488747957389,0.9246358672180456,0.0
2026-03-23,2024-03-25,2026-03-20,499,0.010499991225476402,9.712504611067211e-05,0.009855204011621073,0.1564465136073328,0.06945870961852459,0.1227267715286837,0.8025102844678118,0.9252370559964955,0.0
2026-03-24,2024-03-25,2026-03-23,500,-0.0033568144771775055,9.852491384368006e-05,0.009925971682595113,0.15756991555689612,0.06937968442890084,0.12368199477353248,0.8016822840193646,0.9253642787928971,0.0
2026-03-25,2024-03-25,2026-03-24,501,0.0055726882440485515,8.708652688765778e-05,0.009332016228428762,0.14814116502744862,0.06932237012097707,0.12237210735901215,0.8024967930438562,0.9248689004028684,0.0
2026-03-26,2024-03-26,2026-03-25,501,-0.017858729983344035,8.032380219886708e-05,0.008962354724003457,0.14227297056754845,0.06891090651388161,0.12154133120139252,0.8030086690533468,0.9245500002547393,0.0
2026-03-27,2024-03-27,2026-03-26,501,-0.01705189415742525,0.00011087574445907875,0.010529755194641457,0.16715468166847092,0.06780387869082999,0.12279272594593772,0.8041861854686387,0.9269789114145764,0.0
2026-03-30,2024-04-01,2026-03-27,500,-0.0033433906874337227,0.00013383382292825424,0.011568656919809414,0.18364673527705325,0.06777566554024822,0.12698180588319824,0.8017942179399715,0.9287760238231697,0.0
2026-03-31,2024-04-01,2026-03-30,501,0.029067865784757174,0.0001148062581558031,0.010714768226882143,0.1700916725041599,0.06768514370660457,0.12476337842463062,0.8033324133947393,0.9280957918193699,0.0
2026-04-01,2024-04-01,2026-03-31,502,0.00753449141030349,0.00021306790070451442,0.014596845573770875,0.23171773988526997,0.06772576288808282,0.1320496805609291,0.8009049852822612,0.9329546658431903,0.0
2026-04-02,2024-04-02,2026-04-01,502,0.0009004595313388819,0.00018306554668093923,0.013530171716609482,0.2147848173488915,0.06637675091647208,0.12976827181249537,0.8031829260533817,0.9329511978658771,0.0
2026-04-06,2024-04-08,2026-04-02,499,0.004726845083763864,0.00015330929505755545,0.012381813076345298,0.1965551890805836,0.06836413866775932,0.12884739238890544,0.8022776932696496,0.931125085658555,0.0
2026-04-07,2024-04-08,2026-04-06,500,0.0004400005646272298,0.00013196558185941075,0.011487627338115158,0.18236043054503767,0.06890228934087703,0.12736675048085405,0.8024332106844203,0.9297999611652743,0.0
2026-04-08,2024-04-08,2026-04-07,501,0.02546963651219092,0.00011208554039934595,0.010587045876888697,0.16806414305447542,0.07014923550597747,0.1261574701040021,0.8015453661578261,0.9277028362618283,0.0
2026-04-09,2024-04-09,2026-04-08,501,0.005769017699185586,0.0001823991927539797,0.013505524527169601,0.21439355534624374,0.06517694084357326,0.12799887609989044,0.8076251720533333,0.9356240481532238,0.0
2026-04-10,2024-04-10,2026-04-09,501,-0.0006617754265585418,0.00015678959666662855,0.01252156526424027,0.1987736862866672,0.0642687420754756,0.12634727968938791,0.8086773629273388,0.9350246426167268,0.0
2026-04-13,2024-04-15,2026-04-10,499,0.009772447246481741,0.00013269347905523542,0.011519265560583079,0.1828626717564832,0.06671572449125797,0.12380096788433129,0.8088755402349755,0.9326765081193068,0.0
2026-04-14,2024-04-15,2026-04-13,500,0.012184877209840739,0.00012580449301505148,0.011216260206283175,0.17805261087609184,0.06624270056606255,0.12383301860469222,0.8091470825478021,0.9329801011524943,0.0
2026-04-15,2024-04-15,2026-04-14,501,0.007890969227043909,0.00012722277750900577,0.011279307492439675,0.17905345551613758,0.06507721986377273,0.12425339811754632,0.8101306748272662,0.9343840729448125,0.0
2026-04-16,2024-04-16,2026-04-15,501,0.002457347646937613,0.00011734535545534475,0.010832606124813397,0.17196229114182818,0.06742187346190509,0.12574403036785578,0.8070876210598295,0.9328316514276852,0.0
2026-04-17,2024-04-17,2026-04-16,501,0.012085686101644066,0.00010145332014579478,0.010072403891117292,0.15989445480297396,0.06745588938261057,0.12499430583016535,0.8065445474516579,0.9315388532818233,0.0
2026-04-20,2024-04-22,2026-04-17,499,-0.0019997351150194964,0.00010746946550487961,0.010366748067975782,0.16456702375393942,0.06455541772519732,0.12479425255417864,0.8099751230841836,0.9347693756383623,0.0
2026-04-21,2024-04-22,2026-04-20,500,-0.006546892848539487,9.354555016678955e-05,0.00967189485916744,0.1535365710247268,0.06562297141802269,0.12438318685033156,0.8087059277844836,0.9330891146348151,0.0
2026-04-22,2024-04-22,2026-04-21,501,0.01012671209511895,8.734366201961081e-05,0.009345783114304056,0.14835970756557162,0.06572129026808698,0.12423048026290205,0.8084004188580435,0.9326308991209455,0.0
2026-04-23,2024-04-23,2026-04-22,501,-0.0038807408683984024,9.043576075633081e-05,0.009509771856166204,0.15096294813826128,0.06482332716742635,0.12342009959730489,0.8107074484310411,0.9341275480283461,0.0
2026-04-24,2024-04-24,2026-04-23,501,0.007749309237231605,8.18968935035979e-05,0.00904969024351651,0.14365937895907344,0.06711068135165188,0.12445326129195884,0.8083166698249472,0.9327699311169061,0.0
2026-04-27,2024-04-29,2026-04-24,499,0.001722787837563633,8.011678374502399e-05,0.00895079793901214,0.14208951229329364,0.06507916341920525,0.1240756151224306,0.8100524037991361,0.9341280189215667,0.0
2026-04-28,2024-04-29,2026-04-27,500,-0.004865992267119479,7.152249091546375e-05,0.00845709707378742,0.1342522540246415,0.06588188600280853,0.12445287896446906,0.808527674647171,0.9329805536116401,0.0
2026-04-29,2024-04-29,2026-04-28,501,-0.00015450932498595193,6.7169306543875e-05,0.00819568828981892,0.13010251822719074,0.06608852772585269,0.12464208789173346,0.8078024026562728,0.9324444905480063,0.0
2026-04-30,2024-04-30,2026-04-29,501,0.009949633527564838,6.015943588982302e-05,0.00775625140707952,0.1231266739753633,0.06629513738111238,0.1264257186933482,0.8051610402302865,0.9315867589236346,0.0
2026-05-01,2024-05-01,2026-04-30,501,0.0027690952923506984,6.815640976558349e-05,0.00825568953907446,0.13105500853049087,0.06523648550223786,0.12309864372385619,0.8098872370143932,0.9329858807382494,0.0
2026-05-04,2024-05-06,2026-05-01,499,-0.0036633921467564834,6.339334436044129e-05,0.007961993742803451,0.1263927323022618,0.06285109304419853,0.12125938106028222,0.815513657573158,0.9367730386334402,0.0
2026-05-05,2024-05-06,2026-05-04,500,0.008022228723942426,5.9438380623455764e-05,0.007709629084687263,0.12238656755179816,0.06292278930128314,0.12168083454077248,0.8148071984334461,0.9364880329742186,0.0
2026-05-06,2024-05-06,2026-05-05,501,0.013899399692774095,6.253156509534159e-05,0.00790769025034122,0.12553069108399778,0.0626461555924879,0.12065525395267195,0.8157187414447238,0.9363739953973957,0.0
2026-05-07,2024-05-07,2026-05-06,501,-0.0030660824190705815,8.172280761257924e-05,0.009040066792484402,0.14350661140996246,0.06288452836888135,0.12123944327350565,0.81767800307549,0.9389174463489957,0.0
2026-05-08,2024-05-08,2026-05-07,501,0.00825609701116825,7.398378898795373e-05,0.008601382969497041,0.13654272161109263,0.06365018414765752,0.12012063192637477,0.816900440078997,0.9370210720053718,0.0
2026-05-11,2024-05-13,2026-05-08,499,0.002277563042387465,7.485209802777715e-05,0.008651710699496207,0.13734164955686182,0.0652175592618154,0.1203196447047156,0.8142956123131734,0.934615257017889,0.0
2026-05-12,2024-05-13,2026-05-11,500,-0.0015149526145865622,6.801923486199965e-05,0.008247377453590908,0.13092305826409614,0.06502282555992846,0.11990213807234827,0.814647305015606,0.9345494430879543,0.0
2026-05-13,2024-05-13,2026-05-12,501,0.00559483781461112,6.209685548701416e-05,0.007880155803473315,0.1250935952905966,0.06489149524400695,0.11999030408793467,0.8145424524570551,0.9345327565449898,0.0
2026-05-14,2024-05-14,2026-05-13,501,0.0078943149045545,6.0361821972380745e-05,0.007769287095505014,0.12333360911381759,0.06468612446638627,0.12013456172450526,0.8135332540027569,0.9336678157272622,0.0
2026-05-15,2024-05-15,2026-05-14,501,-0.012029343756796207,6.302551453921123e-05,0.007938861035388593,0.1260255119564338,0.06456595950551036,0.11970955087317178,0.8138826633624093,0.9335922142355811,0.0
2026-05-18,2024-05-20,2026-05-15,499,-0.0007035093177317764,7.593606241180654e-05,0.008714130043315083,0.1383325259213293,0.06697518990616128,0.12144989868862997,0.8110992397001143,0.9325491383887443,0.0
2026-05-19,2024-05-20,2026-05-18,500,-0.0066607880874933745,6.825692558041137e-05,0.008261774965490852,0.13115161168000822,0.0664864815443113,0.12057687001670016,0.8121940595344798,0.9327709295511799,0.0
2026-05-20,2024-05-20,2026-05-19,501,0.010248994582563453,6.731363638762676e-05,0.008204488795021099,0.1302422219162509,0.06637480215905533,0.1203930148489696,0.812155784560142,0.9325487994091116,0.0
2026-05-21,2024-05-21,2026-05-20,501,0.0019830877010671433,7.378732478504877e-05,0.008589954876776057,0.13636130626329557,0.06687717383854176,0.12024613838248312,0.811099450017044,0.9313455883995271,0.0
2026-05-22,2024-05-22,2026-05-21,501,0.003931549076803931,6.677251491348014e-05,0.008171445093340599,0.12971766941398924,0.06643771600522913,0.11975764929558341,0.8114374838947758,0.9311951331903592,0.0
2026-05-26,2024-05-28,2026-05-22,499,0.006638641352187502,6.296859989750451e-05,0.007935275666131865,0.12596859598396395,0.06628032256853528,0.11997493361122107,0.8123252263024914,0.9323001599137124,0.0
2026-05-27,2024-05-28,2026-05-26,500,-0.0001732421647460125,6.295980149335501e-05,0.007934721261226194,0.1259597950789277,0.06617969544044514,0.11971281869522449,0.8123460907014632,0.9320589093966878,0.0
2026-05-28,2024-05-28,2026-05-27,501,0.005516578600909927,5.763775113635594e-05,0.0075919530515115765,0.12051851843746544,0.06576594516115618,0.1199453825135987,0.8124802787204872,0.9324256612340859,0.0
2026-05-29,2024-05-29,2026-05-28,501,0.0024914048034492264,5.6640183348617965e-05,0.007525967269967227,0.11947102662926994,0.06552223797417789,0.1204012540271863,0.8114089584550116,0.9318102124821979,0.0
2026-06-01,2024-06-03,2026-05-29,499,0.0027231134609038143,5.4125136442355516e-05,0.007356978757775199,0.11678841716314846,0.06482028710954561,0.12085916179184993,0.8148439219334509,0.9357030837253009,0.0
2026-06-02,2024-06-03,2026-06-01,500,0.0013579397972762752,5.1255972166074445e-05,0.007159327633659075,0.11365080283856671,0.06435647623159442,0.12156331165192884,0.8146318199313899,0.9361951315833187,0.0
2026-06-03,2024-06-03,2026-06-02,501,-0.00701718232049986,4.809421686624162e-05,0.006934999413571829,0.11008970274413901,0.06369491075904303,0.12278464258318514,0.8143194984678788,0.9371041410510639,0.0
2026-06-04,2024-06-04,2026-06-03,501,0.0037786857621391334,5.153885773275995e-05,0.007179056883237516,0.1139639949661976,0.06472282795955905,0.12184454447228595,0.8128302949864505,0.9346748394587365,0.0
2026-06-05,2024-06-05,2026-06-04,501,-0.025809371248925683,4.973373090618782e-05,0.0070522146100489465,0.11195043630267516,0.06482890240764584,0.12288592362668824,0.8109595116072786,0.9338454352339669,0.0
2026-06-08,2024-06-10,2026-06-05,499,0.002264172608771542,0.00013203585915103956,0.011490685756343681,0.18240898142926507,0.0717542086856365,0.12314088984532492,0.8093424183349939,0.9324833081803188,0.0
2026-06-09,2024-06-10,2026-06-08,500,-0.0029354505508077944,0.00011343113818152097,0.010650405540706936,0.16906994653616975,0.07083409953449744,0.11987268859806308,0.8127681333204161,0.9326408219184792,0.0
2026-06-10,2024-06-10,2026-06-09,501,-0.015765562508027298,9.977783628946187e-05,0.009988885638020983,0.15856864363720966,0.07034317303080723,0.11770771439910602,0.8148000362224653,0.9325077506215713,0.0
2026-06-11,2024-06-11,2026-06-10,501,0.016996847886747934,0.00011884786812772479,0.010901736931687757,0.1730597086793649,0.07189502687455909,0.12090223618310904,0.8109385657350079,0.9318408019181169,0.0
2026-06-12,2024-06-12,2026-06-11,501,0.005408247901529384,0.0001405755159693729,0.011856454612124694,0.18821538200764032,0.07333806338017473,0.12533076415115552,0.8060420590362236,0.9313728231873791,0.0
2026-06-15,2024-06-17,2026-06-12,499,0.01763396989375332,0.00012420360973961308,0.011144667322967207,0.17691610908671515,0.07615979886641952,0.12418372057889425,0.8045731043880261,0.9287568249669204,0.0
2026-06-16,2024-06-17,2026-06-15,500,-0.005961562844234103,0.00014811192619168723,0.012170124329343855,0.19319473440108348,0.07585186428128993,0.1278673357935134,0.8026163341903365,0.9304836699838499,0.0
2026-06-17,2024-06-17,2026-06-16,501,-0.012487870885051433,0.00013040590144390788,0.011419540334177549,0.18127958286543136,0.07583469837979277,0.12640227614012756,0.8034214799562461,0.9298237560963737,0.0
2026-06-18,2024-06-18,2026-06-17,501,0.010396992441959574,0.00013376733839815503,0.011565783086248636,0.183601114583586,0.07600146040075773,0.12905547186655053,0.8028510591616652,0.9319065310282157,0.0
2026-06-22,2024-06-24,2026-06-18,499,-0.003146979693962715,0.00012756567797736484,0.011294497685924984,0.17929459236211207,0.07882632998483709,0.12669811235075773,0.8009609959463209,0.9276591082970786,0.0
2026-06-23,2024-06-24,2026-06-22,500,-0.014521954010491611,0.00011090895938469466,0.010531332270168605,0.16717971696633252,0.07938824036050797,0.1254018711438416,0.8010388734550369,0.9264407445988785,0.0
2026-06-24,2024-06-24,2026-06-23,501,-0.0004635170636431152,0.00012378259051675479,0.011125762469006553,0.17661600383380383,0.0779551202952828,0.12630932448778118,0.8021516919186122,0.9284610164063934,0.0
2026-06-25,2024-06-25,2026-06-24,501,0.0014456352254532678,0.0001066586761824408,0.010327568744987409,0.16394507128296076,0.07918196255604457,0.1241939516245832,0.8022463815993564,0.9264403332239396,0.0
2026-06-26,2024-06-26,2026-06-25,501,-0.007231373616869652,9.352997228496583e-05,0.009671089508683384,0.15352378648213244,0.08037294731498776,0.12287977953850633,0.8018271267031623,0.9247069062416686,0.0
2026-06-29,2024-07-01,2026-06-26,499,0.016474862380159383,8.907819486349581e-05,0.009438124541639394,0.1498255822801999,0.07849383491806804,0.11985520347414227,0.8049770106097277,0.92483221408387,0.0
2026-06-30,2024-07-01,2026-06-29,500,0.007786800986842035,0.00011272570589932156,0.010617236264646349,0.16854340060242357,0.07656230014110851,0.11952104079995657,0.8082869388347612,0.9278079796347178,0.0
2026-07-01,2024-07-01,2026-06-30,501,-0.001352504438058455,0.00010581431839501631,0.010286608692616645,0.16329485060939344,0.07641743782089859,0.11928633115773614,0.808289821074625,0.9275761522323611,0.0
2026-07-02,2024-07-02,2026-07-01,501,-0.001314069480687241,9.302942278526076e-05,0.009645176140706854,0.15311242451834442,0.07588682298964892,0.1175660241411864,0.8095195992896153,0.9270856234308017,0.0
2026-07-06,2024-07-08,2026-07-02,499,0.008727409093039817,8.334193676616537e-05,0.009129180509014232,0.14492124780401827,0.07393251685868302,0.11554762596775588,0.8131764013568441,0.9287240273246,0.0
2026-07-07,2024-07-08,2026-07-06,500,-0.004751899671231685,8.388768170751561e-05,0.009159021875042967,0.14539496480378516,0.07336469513576394,0.11510434871457928,0.8139114729573179,0.9290158216718972,0.0
2026-07-08,2024-07-08,2026-07-07,501,-0.0030894297130047432,7.80425208117834e-05,0.008834167805276478,0.14023806631784905,0.07355068522328097,0.11507114703157069,0.813416414769662,0.9284875618012327,0.0
2026-07-09,2024-07-09,2026-07-08,501,0.00846525000257925,7.151200974544253e-05,0.008456477383960919,0.13424241675361598,0.07218647447863716,0.11429161409062999,0.8144752564805751,0.9287668705712051,0.0
2026-07-10,2024-07-10,2026-07-09,501,0.0043101596888019955,7.330156723087975e-05,0.00856163344408529,0.13591171745725864,0.0703330580012306,0.11272052077222094,0.8168240572098707,0.9295445779820917,0.0
2026-07-13,2024-07-15,2026-07-10,499,-0.007656174850540931,6.913713543045854e-05,0.008314874348446797,0.1319945382524427,0.069209598315066,0.1116397514563788,0.8190374605342958,0.9306772119906747,0.0
2026-07-14,2024-07-15,2026-07-13,500,0.00355064169730146,7.001397381939564e-05,0.008367435319104393,0.13282891779461167,0.06899390499967464,0.11110913778888065,0.819458897615451,0.9305680354043316,0.0
2026-07-15,2024-07-15,2026-07-14,501,0.003963635929681075,6.552829633394165e-05,0.008094954992706361,0.12850342670977025,0.06893326675593399,0.11135051577835972,0.8190751074545166,0.9304256232328764,0.0
2026-07-16,2024-07-16,2026-07-15,501,-0.005418617756386079,6.180857357033775e-05,0.007861842886393607,0.12480288674435827,0.06760536098558946,0.11071479730678162,0.8199296872468107,0.9306444845535923,0.0
2026-07-17,2024-07-17,2026-07-16,501,-0.009897156017872222,6.037886914325098e-05,0.00777038410525831,0.12335102360377578,0.0669359679084868,0.11001195112288283,0.8204329959929246,0.9304449471158075,0.0
2026-07-20,2024-07-22,2026-07-17,499,-0.0016143782471810253,6.708162633094581e-05,0.008190337375892755,0.13001757510197745,0.06724245587917385,0.10749767641470732,0.8218916730861764,0.9293893495008837,0.0
2026-07-21,2024-07-22,2026-07-20,500,0.008341309298597777,6.199946068652287e-05,0.007873973627497293,0.12499545628943384,0.0667739363295224,0.10758924729730311,0.8221512969237718,0.9297405442210749,0.0
2026-07-22,2024-07-22,2026-07-21,501,-0.0011627413779321527,6.512851677916036e-05,0.008070224084816998,0.12811083571793766,0.06698469088896802,0.10701544141014503,0.8222052451898627,0.9292206866000078,0.0
2026-07-23,2024-07-23,2026-07-22,501,-0.012349287272575782,6.028914297143141e-05,0.007764608359178936,0.1232593364772045,0.0665720432029616,0.10662766953763442,0.8227536333799188,0.9293813029175533,0.0
2026-07-24,2024-07-24,2026-07-23,501,0.0010160123647910968,7.221809261888013e-05,0.008498122887960619,0.13490351863445887,0.06725563031934757,0.1049422936119757,0.8223917541401287,0.9273340477521044,0.0
2026-07-27,2024-07-29,2026-07-24,499,0.0002165755636849287,6.653019725996311e-05,0.008156604517810282,0.1294820825809915,0.06923575403505716,0.10519068188504568,0.8201009859237719,0.9252916678088176,0.0
2026-07-28,2024-07-29,2026-07-27,500,0.002394780651586048,6.13483060485146e-05,0.007832515946266218,0.12433733600260896,0.06855297568402571,0.10516048231563728,0.8207519764893302,0.9259124588049674,0.0
2026-07-29,2024-07-29,2026-07-28,501,-0.015387473482586067,5.762487056361614e-05,0.007591104699819134,0.1205050512718503,0.06798627389987798,0.1054747042507998,0.8209477789773708,0.9264224832281707,0.0
2026-07-30,2024-07-30,2026-07-29,501,0.01676579949601198,7.899062547405866e-05,0.008887667043384258,0.14108734039403673,0.06963838789232413,0.10325398576729752,0.8205456611717815,0.923799646939079,0.0
2026-07-31,2024-07-31,2026-07-30,501,0.007199809675054292,0.00010200377809935215,0.010099691980419608,0.16032763979126224,0.07264951429039197,0.10618863783605881,0.8146039715790968,0.9207926094151556,0.0
2026-08-03,2024-08-05,2026-07-31,499,0.01424300656734756,9.570055938678668e-05,0.009782666271870194,0.1552950126870475,0.07491983720816955,0.10234504359040869,0.816258646199413,0.9186036897898218,0.0
2026-08-04,2024-08-05,2026-08-03,500,0.018029002715958642,0.00010728035813941614,0.010357623189680929,0.16442217080166796,0.07584734398108278,0.10488760826486382,0.8134009054916211,0.9182885137564849,0.0
2026-08-05,2024-08-05,2026-08-04,501,-0.0019966020100066206,0.00013139452299304293,0.011462745002530717,0.18196543571306836,0.07701748323942337,0.1092664351060101,0.8093214919035122,0.9185879270095223,0.0
2026-08-06,2024-08-06,2026-08-05,501,-0.001597813044932006,0.00011380956513659532,0.010668156595054054,0.16935173578803975,0.07660544667193817,0.10581228391218013,0.8131684863119518,0.9189807702241319,0.0
2026-08-07,2024-08-07,2026-08-06,501,0.006115348472417681,0.00010018437624125502,0.010009214566650824,0.15889135537465932,0.0768793950752049,0.10401148682868505,0.8142743253092649,0.91828581213795,0.0
2026-08-10,2024-08-12,2026-08-07,499,-0.00029741673673222557,9.319211937366541e-05,0.009653606547486043,0.15324625307707748,0.07866332809042674,0.10499575074857972,0.8115854972686117,0.9165812480171914,0.0
2026-08-11,2024-08-12,2026-08-10,500,-0.0031952597501651026,8.336516540154279e-05,0.009130452639466609,0.1449414422488916,0.07916696298342157,0.10437648294185996,0.8112645764805035,0.9156410594223635,0.0
2026-08-12,2024-08-12,2026-08-11,501,0.0025046624297864195,7.645142117890271e-05,0.008743650334894614,0.13880114602222665,0.07960913320423244,0.10434836100231536,0.810488409741744,0.9148367707440593,0.0
2026-08-13,2024-08-13,2026-08-12,501,0.006977455651952402,6.967326544969218e-05,0.008347051302687206,0.13250533156564845,0.07957725926835867,0.1054917653277235,0.8079623578656535,0.913454123193377,0.0
2026-08-14,2024-08-14,2026-08-13,501,-0.0019797115463531245,6.995163748015145e-05,0.00836370955259396,0.13276977308483348,0.08039192392047033,0.10475238370255875,0.8087074735710172,0.913459857273576,0.0
2026-08-17,2024-08-19,2026-08-14,499,-0.004727366641364417,6.440740044535843e-05,0.008025422135025573,0.1273996268135442,0.08179909891228626,0.10784707165835296,0.8040507652102474,0.9118978368686004,0.0
2026-08-18,2024-08-19,2026-08-17,500,-0.006755757074274671,6.221194994548912e-05,0.007887455226211374,0.12520947003427202,0.08180453361939144,0.10809224514139158,0.803520693438888,0.9116129385802796,0.0
2026-08-19,2024-08-19,2026-08-18,501,0.00209783741736147,6.302764352293271e-05,0.007938995120475432,0.12602764049119958,0.08160235960367583,0.1076033831602936,0.8038451328492464,0.91144851600954,0.0
2026-08-20,2024-08-20,2026-08-19,501,-0.002405502290862005,5.9528918136582465e-05,0.0077154985669483775,0.12247974269412384,0.08253067206299036,0.10922281710064667,0.8024907182432338,0.9117135353438804,0.0
